researchStepId,repetitionId,matrixIndex,splitRole,testSeed128,validationSeed128,modelSeedBase,modelSeedCandidate02,modelSeedCandidate03,bootstrapSeed128,candidateFeatureModePairing,outcomeStratified
S16,0,0,FIT,304751720495165974207191749349797001775,22744371319723936588314843478205415178,3492374802122953499,5481665380102598018,6144324987539725998,290548218932931353647064484340130044026,True,False
S16,0,1,FIT,304751720495165974207191749349797001775,22744371319723936588314843478205415178,3492374802122953499,5481665380102598018,6144324987539725998,290548218932931353647064484340130044026,True,False
S16,0,2,TEST,304751720495165974207191749349797001775,22744371319723936588314843478205415178,3492374802122953499,5481665380102598018,6144324987539725998,290548218932931353647064484340130044026,True,False
S16,0,3,FIT,304751720495165974207191749349797001775,22744371319723936588314843478205415178,3492374802122953499,5481665380102598018,6144324987539725998,290548218932931353647064484340130044026,True,False
S16,0,4,VALIDATION,304751720495165974207191749349797001775,22744371319723936588314843478205415178,3492374802122953499,5481665380102598018,6144324987539725998,290548218932931353647064484340130044026,True,False
S16,0,5,FIT,304751720495165974207191749349797001775,22744371319723936588314843478205415178,3492374802122953499,5481665380102598018,6144324987539725998,290548218932931353647064484340130044026,True,False
S16,0,6,FIT,304751720495165974207191749349797001775,22744371319723936588314843478205415178,3492374802122953499,5481665380102598018,6144324987539725998,290548218932931353647064484340130044026,True,False
S16,0,7,FIT,304751720495165974207191749349797001775,22744371319723936588314843478205415178,3492374802122953499,5481665380102598018,6144324987539725998,290548218932931353647064484340130044026,True,False
S16,0,8,TEST,304751720495165974207191749349797001775,22744371319723936588314843478205415178,3492374802122953499,5481665380102598018,6144324987539725998,290548218932931353647064484340130044026,True,False
S16,0,9,FIT,304751720495165974207191749349797001775,22744371319723936588314843478205415178,3492374802122953499,5481665380102598018,6144324987539725998,290548218932931353647064484340130044026,True,False
S16,0,10,FIT,304751720495165974207191749349797001775,22744371319723936588314843478205415178,3492374802122953499,5481665380102598018,6144324987539725998,290548218932931353647064484340130044026,True,False
S16,0,11,VALIDATION,304751720495165974207191749349797001775,22744371319723936588314843478205415178,3492374802122953499,5481665380102598018,6144324987539725998,290548218932931353647064484340130044026,True,False
S16,0,12,FIT,304751720495165974207191749349797001775,22744371319723936588314843478205415178,3492374802122953499,5481665380102598018,6144324987539725998,290548218932931353647064484340130044026,True,False
S16,0,13,FIT,304751720495165974207191749349797001775,22744371319723936588314843478205415178,3492374802122953499,5481665380102598018,6144324987539725998,290548218932931353647064484340130044026,True,False
S16,0,14,FIT,304751720495165974207191749349797001775,22744371319723936588314843478205415178,3492374802122953499,5481665380102598018,6144324987539725998,290548218932931353647064484340130044026,True,False
S16,0,15,VALIDATION,304751720495165974207191749349797001775,22744371319723936588314843478205415178,3492374802122953499,5481665380102598018,6144324987539725998,290548218932931353647064484340130044026,True,False
S16,0,16,FIT,304751720495165974207191749349797001775,22744371319723936588314843478205415178,3492374802122953499,5481665380102598018,6144324987539725998,290548218932931353647064484340130044026,True,False
S16,0,17,VALIDATION,304751720495165974207191749349797001775,22744371319723936588314843478205415178,3492374802122953499,5481665380102598018,6144324987539725998,290548218932931353647064484340130044026,True,False
S16,0,18,FIT,304751720495165974207191749349797001775,22744371319723936588314843478205415178,3492374802122953499,5481665380102598018,6144324987539725998,290548218932931353647064484340130044026,True,False
S16,0,19,FIT,304751720495165974207191749349797001775,22744371319723936588314843478205415178,3492374802122953499,5481665380102598018,6144324987539725998,290548218932931353647064484340130044026,True,False
S16,0,20,TEST,304751720495165974207191749349797001775,22744371319723936588314843478205415178,3492374802122953499,5481665380102598018,6144324987539725998,290548218932931353647064484340130044026,True,False
S16,0,21,FIT,304751720495165974207191749349797001775,22744371319723936588314843478205415178,3492374802122953499,5481665380102598018,6144324987539725998,290548218932931353647064484340130044026,True,False
S16,0,22,FIT,304751720495165974207191749349797001775,22744371319723936588314843478205415178,3492374802122953499,5481665380102598018,6144324987539725998,290548218932931353647064484340130044026,True,False
S16,0,23,FIT,304751720495165974207191749349797001775,22744371319723936588314843478205415178,3492374802122953499,5481665380102598018,6144324987539725998,290548218932931353647064484340130044026,True,False
S16,0,24,FIT,304751720495165974207191749349797001775,22744371319723936588314843478205415178,3492374802122953499,5481665380102598018,6144324987539725998,290548218932931353647064484340130044026,True,False
S16,0,25,TEST,304751720495165974207191749349797001775,22744371319723936588314843478205415178,3492374802122953499,5481665380102598018,6144324987539725998,290548218932931353647064484340130044026,True,False
S16,0,26,VALIDATION,304751720495165974207191749349797001775,22744371319723936588314843478205415178,3492374802122953499,5481665380102598018,6144324987539725998,290548218932931353647064484340130044026,True,False
S16,0,27,FIT,304751720495165974207191749349797001775,22744371319723936588314843478205415178,3492374802122953499,5481665380102598018,6144324987539725998,290548218932931353647064484340130044026,True,False
S16,0,28,TEST,304751720495165974207191749349797001775,22744371319723936588314843478205415178,3492374802122953499,5481665380102598018,6144324987539725998,290548218932931353647064484340130044026,True,False
S16,0,29,TEST,304751720495165974207191749349797001775,22744371319723936588314843478205415178,3492374802122953499,5481665380102598018,6144324987539725998,290548218932931353647064484340130044026,True,False
S16,0,30,VALIDATION,304751720495165974207191749349797001775,22744371319723936588314843478205415178,3492374802122953499,5481665380102598018,6144324987539725998,290548218932931353647064484340130044026,True,False
S16,0,31,VALIDATION,304751720495165974207191749349797001775,22744371319723936588314843478205415178,3492374802122953499,5481665380102598018,6144324987539725998,290548218932931353647064484340130044026,True,False
S16,0,32,FIT,304751720495165974207191749349797001775,22744371319723936588314843478205415178,3492374802122953499,5481665380102598018,6144324987539725998,290548218932931353647064484340130044026,True,False
S16,0,33,TEST,304751720495165974207191749349797001775,22744371319723936588314843478205415178,3492374802122953499,5481665380102598018,6144324987539725998,290548218932931353647064484340130044026,True,False
S16,0,34,FIT,304751720495165974207191749349797001775,22744371319723936588314843478205415178,3492374802122953499,5481665380102598018,6144324987539725998,290548218932931353647064484340130044026,True,False
S16,0,35,TEST,304751720495165974207191749349797001775,22744371319723936588314843478205415178,3492374802122953499,5481665380102598018,6144324987539725998,290548218932931353647064484340130044026,True,False
S16,0,36,FIT,304751720495165974207191749349797001775,22744371319723936588314843478205415178,3492374802122953499,5481665380102598018,6144324987539725998,290548218932931353647064484340130044026,True,False
S16,0,37,FIT,304751720495165974207191749349797001775,22744371319723936588314843478205415178,3492374802122953499,5481665380102598018,6144324987539725998,290548218932931353647064484340130044026,True,False
S16,0,38,FIT,304751720495165974207191749349797001775,22744371319723936588314843478205415178,3492374802122953499,5481665380102598018,6144324987539725998,290548218932931353647064484340130044026,True,False
S16,0,39,FIT,304751720495165974207191749349797001775,22744371319723936588314843478205415178,3492374802122953499,5481665380102598018,6144324987539725998,290548218932931353647064484340130044026,True,False
S16,0,40,FIT,304751720495165974207191749349797001775,22744371319723936588314843478205415178,3492374802122953499,5481665380102598018,6144324987539725998,290548218932931353647064484340130044026,True,False
S16,0,41,FIT,304751720495165974207191749349797001775,22744371319723936588314843478205415178,3492374802122953499,5481665380102598018,6144324987539725998,290548218932931353647064484340130044026,True,False
S16,0,42,FIT,304751720495165974207191749349797001775,22744371319723936588314843478205415178,3492374802122953499,5481665380102598018,6144324987539725998,290548218932931353647064484340130044026,True,False
S16,0,43,FIT,304751720495165974207191749349797001775,22744371319723936588314843478205415178,3492374802122953499,5481665380102598018,6144324987539725998,290548218932931353647064484340130044026,True,False
S16,0,44,FIT,304751720495165974207191749349797001775,22744371319723936588314843478205415178,3492374802122953499,5481665380102598018,6144324987539725998,290548218932931353647064484340130044026,True,False
S16,0,45,FIT,304751720495165974207191749349797001775,22744371319723936588314843478205415178,3492374802122953499,5481665380102598018,6144324987539725998,290548218932931353647064484340130044026,True,False
S16,0,46,FIT,304751720495165974207191749349797001775,22744371319723936588314843478205415178,3492374802122953499,5481665380102598018,6144324987539725998,290548218932931353647064484340130044026,True,False
S16,0,47,FIT,304751720495165974207191749349797001775,22744371319723936588314843478205415178,3492374802122953499,5481665380102598018,6144324987539725998,290548218932931353647064484340130044026,True,False
S16,0,48,FIT,304751720495165974207191749349797001775,22744371319723936588314843478205415178,3492374802122953499,5481665380102598018,6144324987539725998,290548218932931353647064484340130044026,True,False
S16,0,49,FIT,304751720495165974207191749349797001775,22744371319723936588314843478205415178,3492374802122953499,5481665380102598018,6144324987539725998,290548218932931353647064484340130044026,True,False
S16,0,50,FIT,304751720495165974207191749349797001775,22744371319723936588314843478205415178,3492374802122953499,5481665380102598018,6144324987539725998,290548218932931353647064484340130044026,True,False
S16,0,51,VALIDATION,304751720495165974207191749349797001775,22744371319723936588314843478205415178,3492374802122953499,5481665380102598018,6144324987539725998,290548218932931353647064484340130044026,True,False
S16,0,52,FIT,304751720495165974207191749349797001775,22744371319723936588314843478205415178,3492374802122953499,5481665380102598018,6144324987539725998,290548218932931353647064484340130044026,True,False
S16,0,53,VALIDATION,304751720495165974207191749349797001775,22744371319723936588314843478205415178,3492374802122953499,5481665380102598018,6144324987539725998,290548218932931353647064484340130044026,True,False
S16,0,54,FIT,304751720495165974207191749349797001775,22744371319723936588314843478205415178,3492374802122953499,5481665380102598018,6144324987539725998,290548218932931353647064484340130044026,True,False
S16,0,55,FIT,304751720495165974207191749349797001775,22744371319723936588314843478205415178,3492374802122953499,5481665380102598018,6144324987539725998,290548218932931353647064484340130044026,True,False
S16,0,56,FIT,304751720495165974207191749349797001775,22744371319723936588314843478205415178,3492374802122953499,5481665380102598018,6144324987539725998,290548218932931353647064484340130044026,True,False
S16,0,57,TEST,304751720495165974207191749349797001775,22744371319723936588314843478205415178,3492374802122953499,5481665380102598018,6144324987539725998,290548218932931353647064484340130044026,True,False
S16,0,58,TEST,304751720495165974207191749349797001775,22744371319723936588314843478205415178,3492374802122953499,5481665380102598018,6144324987539725998,290548218932931353647064484340130044026,True,False
S16,0,59,FIT,304751720495165974207191749349797001775,22744371319723936588314843478205415178,3492374802122953499,5481665380102598018,6144324987539725998,290548218932931353647064484340130044026,True,False
S16,0,60,FIT,304751720495165974207191749349797001775,22744371319723936588314843478205415178,3492374802122953499,5481665380102598018,6144324987539725998,290548218932931353647064484340130044026,True,False
S16,0,61,FIT,304751720495165974207191749349797001775,22744371319723936588314843478205415178,3492374802122953499,5481665380102598018,6144324987539725998,290548218932931353647064484340130044026,True,False
S16,0,62,VALIDATION,304751720495165974207191749349797001775,22744371319723936588314843478205415178,3492374802122953499,5481665380102598018,6144324987539725998,290548218932931353647064484340130044026,True,False
S16,0,63,FIT,304751720495165974207191749349797001775,22744371319723936588314843478205415178,3492374802122953499,5481665380102598018,6144324987539725998,290548218932931353647064484340130044026,True,False
S16,0,64,TEST,304751720495165974207191749349797001775,22744371319723936588314843478205415178,3492374802122953499,5481665380102598018,6144324987539725998,290548218932931353647064484340130044026,True,False
S16,0,65,FIT,304751720495165974207191749349797001775,22744371319723936588314843478205415178,3492374802122953499,5481665380102598018,6144324987539725998,290548218932931353647064484340130044026,True,False
S16,0,66,VALIDATION,304751720495165974207191749349797001775,22744371319723936588314843478205415178,3492374802122953499,5481665380102598018,6144324987539725998,290548218932931353647064484340130044026,True,False
S16,0,67,FIT,304751720495165974207191749349797001775,22744371319723936588314843478205415178,3492374802122953499,5481665380102598018,6144324987539725998,290548218932931353647064484340130044026,True,False
S16,0,68,FIT,304751720495165974207191749349797001775,22744371319723936588314843478205415178,3492374802122953499,5481665380102598018,6144324987539725998,290548218932931353647064484340130044026,True,False
S16,0,69,FIT,304751720495165974207191749349797001775,22744371319723936588314843478205415178,3492374802122953499,5481665380102598018,6144324987539725998,290548218932931353647064484340130044026,True,False
S16,0,70,TEST,304751720495165974207191749349797001775,22744371319723936588314843478205415178,3492374802122953499,5481665380102598018,6144324987539725998,290548218932931353647064484340130044026,True,False
S16,0,71,FIT,304751720495165974207191749349797001775,22744371319723936588314843478205415178,3492374802122953499,5481665380102598018,6144324987539725998,290548218932931353647064484340130044026,True,False
S16,0,72,FIT,304751720495165974207191749349797001775,22744371319723936588314843478205415178,3492374802122953499,5481665380102598018,6144324987539725998,290548218932931353647064484340130044026,True,False
S16,0,73,TEST,304751720495165974207191749349797001775,22744371319723936588314843478205415178,3492374802122953499,5481665380102598018,6144324987539725998,290548218932931353647064484340130044026,True,False
S16,0,74,VALIDATION,304751720495165974207191749349797001775,22744371319723936588314843478205415178,3492374802122953499,5481665380102598018,6144324987539725998,290548218932931353647064484340130044026,True,False
S16,0,75,TEST,304751720495165974207191749349797001775,22744371319723936588314843478205415178,3492374802122953499,5481665380102598018,6144324987539725998,290548218932931353647064484340130044026,True,False
S16,0,76,FIT,304751720495165974207191749349797001775,22744371319723936588314843478205415178,3492374802122953499,5481665380102598018,6144324987539725998,290548218932931353647064484340130044026,True,False
S16,0,77,FIT,304751720495165974207191749349797001775,22744371319723936588314843478205415178,3492374802122953499,5481665380102598018,6144324987539725998,290548218932931353647064484340130044026,True,False
S16,0,78,VALIDATION,304751720495165974207191749349797001775,22744371319723936588314843478205415178,3492374802122953499,5481665380102598018,6144324987539725998,290548218932931353647064484340130044026,True,False
S16,0,79,FIT,304751720495165974207191749349797001775,22744371319723936588314843478205415178,3492374802122953499,5481665380102598018,6144324987539725998,290548218932931353647064484340130044026,True,False
S16,0,80,FIT,304751720495165974207191749349797001775,22744371319723936588314843478205415178,3492374802122953499,5481665380102598018,6144324987539725998,290548218932931353647064484340130044026,True,False
S16,0,81,TEST,304751720495165974207191749349797001775,22744371319723936588314843478205415178,3492374802122953499,5481665380102598018,6144324987539725998,290548218932931353647064484340130044026,True,False
S16,0,82,FIT,304751720495165974207191749349797001775,22744371319723936588314843478205415178,3492374802122953499,5481665380102598018,6144324987539725998,290548218932931353647064484340130044026,True,False
S16,0,83,TEST,304751720495165974207191749349797001775,22744371319723936588314843478205415178,3492374802122953499,5481665380102598018,6144324987539725998,290548218932931353647064484340130044026,True,False
S16,0,84,FIT,304751720495165974207191749349797001775,22744371319723936588314843478205415178,3492374802122953499,5481665380102598018,6144324987539725998,290548218932931353647064484340130044026,True,False
S16,0,85,VALIDATION,304751720495165974207191749349797001775,22744371319723936588314843478205415178,3492374802122953499,5481665380102598018,6144324987539725998,290548218932931353647064484340130044026,True,False
S16,0,86,FIT,304751720495165974207191749349797001775,22744371319723936588314843478205415178,3492374802122953499,5481665380102598018,6144324987539725998,290548218932931353647064484340130044026,True,False
S16,0,87,FIT,304751720495165974207191749349797001775,22744371319723936588314843478205415178,3492374802122953499,5481665380102598018,6144324987539725998,290548218932931353647064484340130044026,True,False
S16,0,88,FIT,304751720495165974207191749349797001775,22744371319723936588314843478205415178,3492374802122953499,5481665380102598018,6144324987539725998,290548218932931353647064484340130044026,True,False
S16,0,89,TEST,304751720495165974207191749349797001775,22744371319723936588314843478205415178,3492374802122953499,5481665380102598018,6144324987539725998,290548218932931353647064484340130044026,True,False
S16,0,90,TEST,304751720495165974207191749349797001775,22744371319723936588314843478205415178,3492374802122953499,5481665380102598018,6144324987539725998,290548218932931353647064484340130044026,True,False
S16,0,91,VALIDATION,304751720495165974207191749349797001775,22744371319723936588314843478205415178,3492374802122953499,5481665380102598018,6144324987539725998,290548218932931353647064484340130044026,True,False
S16,0,92,FIT,304751720495165974207191749349797001775,22744371319723936588314843478205415178,3492374802122953499,5481665380102598018,6144324987539725998,290548218932931353647064484340130044026,True,False
S16,0,93,FIT,304751720495165974207191749349797001775,22744371319723936588314843478205415178,3492374802122953499,5481665380102598018,6144324987539725998,290548218932931353647064484340130044026,True,False
S16,0,94,FIT,304751720495165974207191749349797001775,22744371319723936588314843478205415178,3492374802122953499,5481665380102598018,6144324987539725998,290548218932931353647064484340130044026,True,False
S16,0,95,FIT,304751720495165974207191749349797001775,22744371319723936588314843478205415178,3492374802122953499,5481665380102598018,6144324987539725998,290548218932931353647064484340130044026,True,False
S16,0,96,FIT,304751720495165974207191749349797001775,22744371319723936588314843478205415178,3492374802122953499,5481665380102598018,6144324987539725998,290548218932931353647064484340130044026,True,False
S16,0,97,TEST,304751720495165974207191749349797001775,22744371319723936588314843478205415178,3492374802122953499,5481665380102598018,6144324987539725998,290548218932931353647064484340130044026,True,False
S16,0,98,TEST,304751720495165974207191749349797001775,22744371319723936588314843478205415178,3492374802122953499,5481665380102598018,6144324987539725998,290548218932931353647064484340130044026,True,False
S16,0,99,VALIDATION,304751720495165974207191749349797001775,22744371319723936588314843478205415178,3492374802122953499,5481665380102598018,6144324987539725998,290548218932931353647064484340130044026,True,False
S16,1,0,TEST,278731831452876579278263063365238900980,39356184131002225273425556123683303172,6381399849953914079,310195306391848914,6951079040372609013,217145832043297890955902483594975634573,True,False
S16,1,1,TEST,278731831452876579278263063365238900980,39356184131002225273425556123683303172,6381399849953914079,310195306391848914,6951079040372609013,217145832043297890955902483594975634573,True,False
S16,1,2,FIT,278731831452876579278263063365238900980,39356184131002225273425556123683303172,6381399849953914079,310195306391848914,6951079040372609013,217145832043297890955902483594975634573,True,False
S16,1,3,TEST,278731831452876579278263063365238900980,39356184131002225273425556123683303172,6381399849953914079,310195306391848914,6951079040372609013,217145832043297890955902483594975634573,True,False
S16,1,4,FIT,278731831452876579278263063365238900980,39356184131002225273425556123683303172,6381399849953914079,310195306391848914,6951079040372609013,217145832043297890955902483594975634573,True,False
S16,1,5,FIT,278731831452876579278263063365238900980,39356184131002225273425556123683303172,6381399849953914079,310195306391848914,6951079040372609013,217145832043297890955902483594975634573,True,False
S16,1,6,FIT,278731831452876579278263063365238900980,39356184131002225273425556123683303172,6381399849953914079,310195306391848914,6951079040372609013,217145832043297890955902483594975634573,True,False
S16,1,7,FIT,278731831452876579278263063365238900980,39356184131002225273425556123683303172,6381399849953914079,310195306391848914,6951079040372609013,217145832043297890955902483594975634573,True,False
S16,1,8,VALIDATION,278731831452876579278263063365238900980,39356184131002225273425556123683303172,6381399849953914079,310195306391848914,6951079040372609013,217145832043297890955902483594975634573,True,False
S16,1,9,VALIDATION,278731831452876579278263063365238900980,39356184131002225273425556123683303172,6381399849953914079,310195306391848914,6951079040372609013,217145832043297890955902483594975634573,True,False
S16,1,10,VALIDATION,278731831452876579278263063365238900980,39356184131002225273425556123683303172,6381399849953914079,310195306391848914,6951079040372609013,217145832043297890955902483594975634573,True,False
S16,1,11,FIT,278731831452876579278263063365238900980,39356184131002225273425556123683303172,6381399849953914079,310195306391848914,6951079040372609013,217145832043297890955902483594975634573,True,False
S16,1,12,FIT,278731831452876579278263063365238900980,39356184131002225273425556123683303172,6381399849953914079,310195306391848914,6951079040372609013,217145832043297890955902483594975634573,True,False
S16,1,13,FIT,278731831452876579278263063365238900980,39356184131002225273425556123683303172,6381399849953914079,310195306391848914,6951079040372609013,217145832043297890955902483594975634573,True,False
S16,1,14,FIT,278731831452876579278263063365238900980,39356184131002225273425556123683303172,6381399849953914079,310195306391848914,6951079040372609013,217145832043297890955902483594975634573,True,False
S16,1,15,TEST,278731831452876579278263063365238900980,39356184131002225273425556123683303172,6381399849953914079,310195306391848914,6951079040372609013,217145832043297890955902483594975634573,True,False
S16,1,16,FIT,278731831452876579278263063365238900980,39356184131002225273425556123683303172,6381399849953914079,310195306391848914,6951079040372609013,217145832043297890955902483594975634573,True,False
S16,1,17,TEST,278731831452876579278263063365238900980,39356184131002225273425556123683303172,6381399849953914079,310195306391848914,6951079040372609013,217145832043297890955902483594975634573,True,False
S16,1,18,TEST,278731831452876579278263063365238900980,39356184131002225273425556123683303172,6381399849953914079,310195306391848914,6951079040372609013,217145832043297890955902483594975634573,True,False
S16,1,19,FIT,278731831452876579278263063365238900980,39356184131002225273425556123683303172,6381399849953914079,310195306391848914,6951079040372609013,217145832043297890955902483594975634573,True,False
S16,1,20,TEST,278731831452876579278263063365238900980,39356184131002225273425556123683303172,6381399849953914079,310195306391848914,6951079040372609013,217145832043297890955902483594975634573,True,False
S16,1,21,FIT,278731831452876579278263063365238900980,39356184131002225273425556123683303172,6381399849953914079,310195306391848914,6951079040372609013,217145832043297890955902483594975634573,True,False
S16,1,22,FIT,278731831452876579278263063365238900980,39356184131002225273425556123683303172,6381399849953914079,310195306391848914,6951079040372609013,217145832043297890955902483594975634573,True,False
S16,1,23,VALIDATION,278731831452876579278263063365238900980,39356184131002225273425556123683303172,6381399849953914079,310195306391848914,6951079040372609013,217145832043297890955902483594975634573,True,False
S16,1,24,FIT,278731831452876579278263063365238900980,39356184131002225273425556123683303172,6381399849953914079,310195306391848914,6951079040372609013,217145832043297890955902483594975634573,True,False
S16,1,25,TEST,278731831452876579278263063365238900980,39356184131002225273425556123683303172,6381399849953914079,310195306391848914,6951079040372609013,217145832043297890955902483594975634573,True,False
S16,1,26,FIT,278731831452876579278263063365238900980,39356184131002225273425556123683303172,6381399849953914079,310195306391848914,6951079040372609013,217145832043297890955902483594975634573,True,False
S16,1,27,FIT,278731831452876579278263063365238900980,39356184131002225273425556123683303172,6381399849953914079,310195306391848914,6951079040372609013,217145832043297890955902483594975634573,True,False
S16,1,28,VALIDATION,278731831452876579278263063365238900980,39356184131002225273425556123683303172,6381399849953914079,310195306391848914,6951079040372609013,217145832043297890955902483594975634573,True,False
S16,1,29,FIT,278731831452876579278263063365238900980,39356184131002225273425556123683303172,6381399849953914079,310195306391848914,6951079040372609013,217145832043297890955902483594975634573,True,False
S16,1,30,FIT,278731831452876579278263063365238900980,39356184131002225273425556123683303172,6381399849953914079,310195306391848914,6951079040372609013,217145832043297890955902483594975634573,True,False
S16,1,31,FIT,278731831452876579278263063365238900980,39356184131002225273425556123683303172,6381399849953914079,310195306391848914,6951079040372609013,217145832043297890955902483594975634573,True,False
S16,1,32,FIT,278731831452876579278263063365238900980,39356184131002225273425556123683303172,6381399849953914079,310195306391848914,6951079040372609013,217145832043297890955902483594975634573,True,False
S16,1,33,FIT,278731831452876579278263063365238900980,39356184131002225273425556123683303172,6381399849953914079,310195306391848914,6951079040372609013,217145832043297890955902483594975634573,True,False
S16,1,34,FIT,278731831452876579278263063365238900980,39356184131002225273425556123683303172,6381399849953914079,310195306391848914,6951079040372609013,217145832043297890955902483594975634573,True,False
S16,1,35,FIT,278731831452876579278263063365238900980,39356184131002225273425556123683303172,6381399849953914079,310195306391848914,6951079040372609013,217145832043297890955902483594975634573,True,False
S16,1,36,FIT,278731831452876579278263063365238900980,39356184131002225273425556123683303172,6381399849953914079,310195306391848914,6951079040372609013,217145832043297890955902483594975634573,True,False
S16,1,37,FIT,278731831452876579278263063365238900980,39356184131002225273425556123683303172,6381399849953914079,310195306391848914,6951079040372609013,217145832043297890955902483594975634573,True,False
S16,1,38,FIT,278731831452876579278263063365238900980,39356184131002225273425556123683303172,6381399849953914079,310195306391848914,6951079040372609013,217145832043297890955902483594975634573,True,False
S16,1,39,FIT,278731831452876579278263063365238900980,39356184131002225273425556123683303172,6381399849953914079,310195306391848914,6951079040372609013,217145832043297890955902483594975634573,True,False
S16,1,40,FIT,278731831452876579278263063365238900980,39356184131002225273425556123683303172,6381399849953914079,310195306391848914,6951079040372609013,217145832043297890955902483594975634573,True,False
S16,1,41,TEST,278731831452876579278263063365238900980,39356184131002225273425556123683303172,6381399849953914079,310195306391848914,6951079040372609013,217145832043297890955902483594975634573,True,False
S16,1,42,FIT,278731831452876579278263063365238900980,39356184131002225273425556123683303172,6381399849953914079,310195306391848914,6951079040372609013,217145832043297890955902483594975634573,True,False
S16,1,43,FIT,278731831452876579278263063365238900980,39356184131002225273425556123683303172,6381399849953914079,310195306391848914,6951079040372609013,217145832043297890955902483594975634573,True,False
S16,1,44,VALIDATION,278731831452876579278263063365238900980,39356184131002225273425556123683303172,6381399849953914079,310195306391848914,6951079040372609013,217145832043297890955902483594975634573,True,False
S16,1,45,TEST,278731831452876579278263063365238900980,39356184131002225273425556123683303172,6381399849953914079,310195306391848914,6951079040372609013,217145832043297890955902483594975634573,True,False
S16,1,46,FIT,278731831452876579278263063365238900980,39356184131002225273425556123683303172,6381399849953914079,310195306391848914,6951079040372609013,217145832043297890955902483594975634573,True,False
S16,1,47,FIT,278731831452876579278263063365238900980,39356184131002225273425556123683303172,6381399849953914079,310195306391848914,6951079040372609013,217145832043297890955902483594975634573,True,False
S16,1,48,VALIDATION,278731831452876579278263063365238900980,39356184131002225273425556123683303172,6381399849953914079,310195306391848914,6951079040372609013,217145832043297890955902483594975634573,True,False
S16,1,49,FIT,278731831452876579278263063365238900980,39356184131002225273425556123683303172,6381399849953914079,310195306391848914,6951079040372609013,217145832043297890955902483594975634573,True,False
S16,1,50,TEST,278731831452876579278263063365238900980,39356184131002225273425556123683303172,6381399849953914079,310195306391848914,6951079040372609013,217145832043297890955902483594975634573,True,False
S16,1,51,FIT,278731831452876579278263063365238900980,39356184131002225273425556123683303172,6381399849953914079,310195306391848914,6951079040372609013,217145832043297890955902483594975634573,True,False
S16,1,52,FIT,278731831452876579278263063365238900980,39356184131002225273425556123683303172,6381399849953914079,310195306391848914,6951079040372609013,217145832043297890955902483594975634573,True,False
S16,1,53,FIT,278731831452876579278263063365238900980,39356184131002225273425556123683303172,6381399849953914079,310195306391848914,6951079040372609013,217145832043297890955902483594975634573,True,False
S16,1,54,VALIDATION,278731831452876579278263063365238900980,39356184131002225273425556123683303172,6381399849953914079,310195306391848914,6951079040372609013,217145832043297890955902483594975634573,True,False
S16,1,55,TEST,278731831452876579278263063365238900980,39356184131002225273425556123683303172,6381399849953914079,310195306391848914,6951079040372609013,217145832043297890955902483594975634573,True,False
S16,1,56,FIT,278731831452876579278263063365238900980,39356184131002225273425556123683303172,6381399849953914079,310195306391848914,6951079040372609013,217145832043297890955902483594975634573,True,False
S16,1,57,VALIDATION,278731831452876579278263063365238900980,39356184131002225273425556123683303172,6381399849953914079,310195306391848914,6951079040372609013,217145832043297890955902483594975634573,True,False
S16,1,58,VALIDATION,278731831452876579278263063365238900980,39356184131002225273425556123683303172,6381399849953914079,310195306391848914,6951079040372609013,217145832043297890955902483594975634573,True,False
S16,1,59,FIT,278731831452876579278263063365238900980,39356184131002225273425556123683303172,6381399849953914079,310195306391848914,6951079040372609013,217145832043297890955902483594975634573,True,False
S16,1,60,FIT,278731831452876579278263063365238900980,39356184131002225273425556123683303172,6381399849953914079,310195306391848914,6951079040372609013,217145832043297890955902483594975634573,True,False
S16,1,61,FIT,278731831452876579278263063365238900980,39356184131002225273425556123683303172,6381399849953914079,310195306391848914,6951079040372609013,217145832043297890955902483594975634573,True,False
S16,1,62,FIT,278731831452876579278263063365238900980,39356184131002225273425556123683303172,6381399849953914079,310195306391848914,6951079040372609013,217145832043297890955902483594975634573,True,False
S16,1,63,VALIDATION,278731831452876579278263063365238900980,39356184131002225273425556123683303172,6381399849953914079,310195306391848914,6951079040372609013,217145832043297890955902483594975634573,True,False
S16,1,64,FIT,278731831452876579278263063365238900980,39356184131002225273425556123683303172,6381399849953914079,310195306391848914,6951079040372609013,217145832043297890955902483594975634573,True,False
S16,1,65,TEST,278731831452876579278263063365238900980,39356184131002225273425556123683303172,6381399849953914079,310195306391848914,6951079040372609013,217145832043297890955902483594975634573,True,False
S16,1,66,FIT,278731831452876579278263063365238900980,39356184131002225273425556123683303172,6381399849953914079,310195306391848914,6951079040372609013,217145832043297890955902483594975634573,True,False
S16,1,67,FIT,278731831452876579278263063365238900980,39356184131002225273425556123683303172,6381399849953914079,310195306391848914,6951079040372609013,217145832043297890955902483594975634573,True,False
S16,1,68,FIT,278731831452876579278263063365238900980,39356184131002225273425556123683303172,6381399849953914079,310195306391848914,6951079040372609013,217145832043297890955902483594975634573,True,False
S16,1,69,VALIDATION,278731831452876579278263063365238900980,39356184131002225273425556123683303172,6381399849953914079,310195306391848914,6951079040372609013,217145832043297890955902483594975634573,True,False
S16,1,70,VALIDATION,278731831452876579278263063365238900980,39356184131002225273425556123683303172,6381399849953914079,310195306391848914,6951079040372609013,217145832043297890955902483594975634573,True,False
S16,1,71,FIT,278731831452876579278263063365238900980,39356184131002225273425556123683303172,6381399849953914079,310195306391848914,6951079040372609013,217145832043297890955902483594975634573,True,False
S16,1,72,FIT,278731831452876579278263063365238900980,39356184131002225273425556123683303172,6381399849953914079,310195306391848914,6951079040372609013,217145832043297890955902483594975634573,True,False
S16,1,73,FIT,278731831452876579278263063365238900980,39356184131002225273425556123683303172,6381399849953914079,310195306391848914,6951079040372609013,217145832043297890955902483594975634573,True,False
S16,1,74,FIT,278731831452876579278263063365238900980,39356184131002225273425556123683303172,6381399849953914079,310195306391848914,6951079040372609013,217145832043297890955902483594975634573,True,False
S16,1,75,FIT,278731831452876579278263063365238900980,39356184131002225273425556123683303172,6381399849953914079,310195306391848914,6951079040372609013,217145832043297890955902483594975634573,True,False
S16,1,76,TEST,278731831452876579278263063365238900980,39356184131002225273425556123683303172,6381399849953914079,310195306391848914,6951079040372609013,217145832043297890955902483594975634573,True,False
S16,1,77,FIT,278731831452876579278263063365238900980,39356184131002225273425556123683303172,6381399849953914079,310195306391848914,6951079040372609013,217145832043297890955902483594975634573,True,False
S16,1,78,TEST,278731831452876579278263063365238900980,39356184131002225273425556123683303172,6381399849953914079,310195306391848914,6951079040372609013,217145832043297890955902483594975634573,True,False
S16,1,79,TEST,278731831452876579278263063365238900980,39356184131002225273425556123683303172,6381399849953914079,310195306391848914,6951079040372609013,217145832043297890955902483594975634573,True,False
S16,1,80,FIT,278731831452876579278263063365238900980,39356184131002225273425556123683303172,6381399849953914079,310195306391848914,6951079040372609013,217145832043297890955902483594975634573,True,False
S16,1,81,FIT,278731831452876579278263063365238900980,39356184131002225273425556123683303172,6381399849953914079,310195306391848914,6951079040372609013,217145832043297890955902483594975634573,True,False
S16,1,82,FIT,278731831452876579278263063365238900980,39356184131002225273425556123683303172,6381399849953914079,310195306391848914,6951079040372609013,217145832043297890955902483594975634573,True,False
S16,1,83,VALIDATION,278731831452876579278263063365238900980,39356184131002225273425556123683303172,6381399849953914079,310195306391848914,6951079040372609013,217145832043297890955902483594975634573,True,False
S16,1,84,TEST,278731831452876579278263063365238900980,39356184131002225273425556123683303172,6381399849953914079,310195306391848914,6951079040372609013,217145832043297890955902483594975634573,True,False
S16,1,85,FIT,278731831452876579278263063365238900980,39356184131002225273425556123683303172,6381399849953914079,310195306391848914,6951079040372609013,217145832043297890955902483594975634573,True,False
S16,1,86,FIT,278731831452876579278263063365238900980,39356184131002225273425556123683303172,6381399849953914079,310195306391848914,6951079040372609013,217145832043297890955902483594975634573,True,False
S16,1,87,FIT,278731831452876579278263063365238900980,39356184131002225273425556123683303172,6381399849953914079,310195306391848914,6951079040372609013,217145832043297890955902483594975634573,True,False
S16,1,88,FIT,278731831452876579278263063365238900980,39356184131002225273425556123683303172,6381399849953914079,310195306391848914,6951079040372609013,217145832043297890955902483594975634573,True,False
S16,1,89,VALIDATION,278731831452876579278263063365238900980,39356184131002225273425556123683303172,6381399849953914079,310195306391848914,6951079040372609013,217145832043297890955902483594975634573,True,False
S16,1,90,FIT,278731831452876579278263063365238900980,39356184131002225273425556123683303172,6381399849953914079,310195306391848914,6951079040372609013,217145832043297890955902483594975634573,True,False
S16,1,91,FIT,278731831452876579278263063365238900980,39356184131002225273425556123683303172,6381399849953914079,310195306391848914,6951079040372609013,217145832043297890955902483594975634573,True,False
S16,1,92,FIT,278731831452876579278263063365238900980,39356184131002225273425556123683303172,6381399849953914079,310195306391848914,6951079040372609013,217145832043297890955902483594975634573,True,False
S16,1,93,FIT,278731831452876579278263063365238900980,39356184131002225273425556123683303172,6381399849953914079,310195306391848914,6951079040372609013,217145832043297890955902483594975634573,True,False
S16,1,94,FIT,278731831452876579278263063365238900980,39356184131002225273425556123683303172,6381399849953914079,310195306391848914,6951079040372609013,217145832043297890955902483594975634573,True,False
S16,1,95,TEST,278731831452876579278263063365238900980,39356184131002225273425556123683303172,6381399849953914079,310195306391848914,6951079040372609013,217145832043297890955902483594975634573,True,False
S16,1,96,TEST,278731831452876579278263063365238900980,39356184131002225273425556123683303172,6381399849953914079,310195306391848914,6951079040372609013,217145832043297890955902483594975634573,True,False
S16,1,97,VALIDATION,278731831452876579278263063365238900980,39356184131002225273425556123683303172,6381399849953914079,310195306391848914,6951079040372609013,217145832043297890955902483594975634573,True,False
S16,1,98,TEST,278731831452876579278263063365238900980,39356184131002225273425556123683303172,6381399849953914079,310195306391848914,6951079040372609013,217145832043297890955902483594975634573,True,False
S16,1,99,FIT,278731831452876579278263063365238900980,39356184131002225273425556123683303172,6381399849953914079,310195306391848914,6951079040372609013,217145832043297890955902483594975634573,True,False
S16,2,0,FIT,90006800531447890193959124631602245892,184324798191110326078613388106149138585,1557103461947778177,4966494552880001491,2860954607041282441,179588005806017876778408713059178941060,True,False
S16,2,1,FIT,90006800531447890193959124631602245892,184324798191110326078613388106149138585,1557103461947778177,4966494552880001491,2860954607041282441,179588005806017876778408713059178941060,True,False
S16,2,2,FIT,90006800531447890193959124631602245892,184324798191110326078613388106149138585,1557103461947778177,4966494552880001491,2860954607041282441,179588005806017876778408713059178941060,True,False
S16,2,3,FIT,90006800531447890193959124631602245892,184324798191110326078613388106149138585,1557103461947778177,4966494552880001491,2860954607041282441,179588005806017876778408713059178941060,True,False
S16,2,4,TEST,90006800531447890193959124631602245892,184324798191110326078613388106149138585,1557103461947778177,4966494552880001491,2860954607041282441,179588005806017876778408713059178941060,True,False
S16,2,5,FIT,90006800531447890193959124631602245892,184324798191110326078613388106149138585,1557103461947778177,4966494552880001491,2860954607041282441,179588005806017876778408713059178941060,True,False
S16,2,6,FIT,90006800531447890193959124631602245892,184324798191110326078613388106149138585,1557103461947778177,4966494552880001491,2860954607041282441,179588005806017876778408713059178941060,True,False
S16,2,7,TEST,90006800531447890193959124631602245892,184324798191110326078613388106149138585,1557103461947778177,4966494552880001491,2860954607041282441,179588005806017876778408713059178941060,True,False
S16,2,8,FIT,90006800531447890193959124631602245892,184324798191110326078613388106149138585,1557103461947778177,4966494552880001491,2860954607041282441,179588005806017876778408713059178941060,True,False
S16,2,9,VALIDATION,90006800531447890193959124631602245892,184324798191110326078613388106149138585,1557103461947778177,4966494552880001491,2860954607041282441,179588005806017876778408713059178941060,True,False
S16,2,10,FIT,90006800531447890193959124631602245892,184324798191110326078613388106149138585,1557103461947778177,4966494552880001491,2860954607041282441,179588005806017876778408713059178941060,True,False
S16,2,11,FIT,90006800531447890193959124631602245892,184324798191110326078613388106149138585,1557103461947778177,4966494552880001491,2860954607041282441,179588005806017876778408713059178941060,True,False
S16,2,12,VALIDATION,90006800531447890193959124631602245892,184324798191110326078613388106149138585,1557103461947778177,4966494552880001491,2860954607041282441,179588005806017876778408713059178941060,True,False
S16,2,13,FIT,90006800531447890193959124631602245892,184324798191110326078613388106149138585,1557103461947778177,4966494552880001491,2860954607041282441,179588005806017876778408713059178941060,True,False
S16,2,14,FIT,90006800531447890193959124631602245892,184324798191110326078613388106149138585,1557103461947778177,4966494552880001491,2860954607041282441,179588005806017876778408713059178941060,True,False
S16,2,15,VALIDATION,90006800531447890193959124631602245892,184324798191110326078613388106149138585,1557103461947778177,4966494552880001491,2860954607041282441,179588005806017876778408713059178941060,True,False
S16,2,16,FIT,90006800531447890193959124631602245892,184324798191110326078613388106149138585,1557103461947778177,4966494552880001491,2860954607041282441,179588005806017876778408713059178941060,True,False
S16,2,17,FIT,90006800531447890193959124631602245892,184324798191110326078613388106149138585,1557103461947778177,4966494552880001491,2860954607041282441,179588005806017876778408713059178941060,True,False
S16,2,18,FIT,90006800531447890193959124631602245892,184324798191110326078613388106149138585,1557103461947778177,4966494552880001491,2860954607041282441,179588005806017876778408713059178941060,True,False
S16,2,19,TEST,90006800531447890193959124631602245892,184324798191110326078613388106149138585,1557103461947778177,4966494552880001491,2860954607041282441,179588005806017876778408713059178941060,True,False
S16,2,20,FIT,90006800531447890193959124631602245892,184324798191110326078613388106149138585,1557103461947778177,4966494552880001491,2860954607041282441,179588005806017876778408713059178941060,True,False
S16,2,21,FIT,90006800531447890193959124631602245892,184324798191110326078613388106149138585,1557103461947778177,4966494552880001491,2860954607041282441,179588005806017876778408713059178941060,True,False
S16,2,22,FIT,90006800531447890193959124631602245892,184324798191110326078613388106149138585,1557103461947778177,4966494552880001491,2860954607041282441,179588005806017876778408713059178941060,True,False
S16,2,23,FIT,90006800531447890193959124631602245892,184324798191110326078613388106149138585,1557103461947778177,4966494552880001491,2860954607041282441,179588005806017876778408713059178941060,True,False
S16,2,24,FIT,90006800531447890193959124631602245892,184324798191110326078613388106149138585,1557103461947778177,4966494552880001491,2860954607041282441,179588005806017876778408713059178941060,True,False
S16,2,25,FIT,90006800531447890193959124631602245892,184324798191110326078613388106149138585,1557103461947778177,4966494552880001491,2860954607041282441,179588005806017876778408713059178941060,True,False
S16,2,26,FIT,90006800531447890193959124631602245892,184324798191110326078613388106149138585,1557103461947778177,4966494552880001491,2860954607041282441,179588005806017876778408713059178941060,True,False
S16,2,27,TEST,90006800531447890193959124631602245892,184324798191110326078613388106149138585,1557103461947778177,4966494552880001491,2860954607041282441,179588005806017876778408713059178941060,True,False
S16,2,28,FIT,90006800531447890193959124631602245892,184324798191110326078613388106149138585,1557103461947778177,4966494552880001491,2860954607041282441,179588005806017876778408713059178941060,True,False
S16,2,29,FIT,90006800531447890193959124631602245892,184324798191110326078613388106149138585,1557103461947778177,4966494552880001491,2860954607041282441,179588005806017876778408713059178941060,True,False
S16,2,30,TEST,90006800531447890193959124631602245892,184324798191110326078613388106149138585,1557103461947778177,4966494552880001491,2860954607041282441,179588005806017876778408713059178941060,True,False
S16,2,31,TEST,90006800531447890193959124631602245892,184324798191110326078613388106149138585,1557103461947778177,4966494552880001491,2860954607041282441,179588005806017876778408713059178941060,True,False
S16,2,32,FIT,90006800531447890193959124631602245892,184324798191110326078613388106149138585,1557103461947778177,4966494552880001491,2860954607041282441,179588005806017876778408713059178941060,True,False
S16,2,33,FIT,90006800531447890193959124631602245892,184324798191110326078613388106149138585,1557103461947778177,4966494552880001491,2860954607041282441,179588005806017876778408713059178941060,True,False
S16,2,34,FIT,90006800531447890193959124631602245892,184324798191110326078613388106149138585,1557103461947778177,4966494552880001491,2860954607041282441,179588005806017876778408713059178941060,True,False
S16,2,35,VALIDATION,90006800531447890193959124631602245892,184324798191110326078613388106149138585,1557103461947778177,4966494552880001491,2860954607041282441,179588005806017876778408713059178941060,True,False
S16,2,36,VALIDATION,90006800531447890193959124631602245892,184324798191110326078613388106149138585,1557103461947778177,4966494552880001491,2860954607041282441,179588005806017876778408713059178941060,True,False
S16,2,37,FIT,90006800531447890193959124631602245892,184324798191110326078613388106149138585,1557103461947778177,4966494552880001491,2860954607041282441,179588005806017876778408713059178941060,True,False
S16,2,38,VALIDATION,90006800531447890193959124631602245892,184324798191110326078613388106149138585,1557103461947778177,4966494552880001491,2860954607041282441,179588005806017876778408713059178941060,True,False
S16,2,39,FIT,90006800531447890193959124631602245892,184324798191110326078613388106149138585,1557103461947778177,4966494552880001491,2860954607041282441,179588005806017876778408713059178941060,True,False
S16,2,40,FIT,90006800531447890193959124631602245892,184324798191110326078613388106149138585,1557103461947778177,4966494552880001491,2860954607041282441,179588005806017876778408713059178941060,True,False
S16,2,41,FIT,90006800531447890193959124631602245892,184324798191110326078613388106149138585,1557103461947778177,4966494552880001491,2860954607041282441,179588005806017876778408713059178941060,True,False
S16,2,42,TEST,90006800531447890193959124631602245892,184324798191110326078613388106149138585,1557103461947778177,4966494552880001491,2860954607041282441,179588005806017876778408713059178941060,True,False
S16,2,43,TEST,90006800531447890193959124631602245892,184324798191110326078613388106149138585,1557103461947778177,4966494552880001491,2860954607041282441,179588005806017876778408713059178941060,True,False
S16,2,44,FIT,90006800531447890193959124631602245892,184324798191110326078613388106149138585,1557103461947778177,4966494552880001491,2860954607041282441,179588005806017876778408713059178941060,True,False
S16,2,45,VALIDATION,90006800531447890193959124631602245892,184324798191110326078613388106149138585,1557103461947778177,4966494552880001491,2860954607041282441,179588005806017876778408713059178941060,True,False
S16,2,46,TEST,90006800531447890193959124631602245892,184324798191110326078613388106149138585,1557103461947778177,4966494552880001491,2860954607041282441,179588005806017876778408713059178941060,True,False
S16,2,47,FIT,90006800531447890193959124631602245892,184324798191110326078613388106149138585,1557103461947778177,4966494552880001491,2860954607041282441,179588005806017876778408713059178941060,True,False
S16,2,48,FIT,90006800531447890193959124631602245892,184324798191110326078613388106149138585,1557103461947778177,4966494552880001491,2860954607041282441,179588005806017876778408713059178941060,True,False
S16,2,49,VALIDATION,90006800531447890193959124631602245892,184324798191110326078613388106149138585,1557103461947778177,4966494552880001491,2860954607041282441,179588005806017876778408713059178941060,True,False
S16,2,50,FIT,90006800531447890193959124631602245892,184324798191110326078613388106149138585,1557103461947778177,4966494552880001491,2860954607041282441,179588005806017876778408713059178941060,True,False
S16,2,51,FIT,90006800531447890193959124631602245892,184324798191110326078613388106149138585,1557103461947778177,4966494552880001491,2860954607041282441,179588005806017876778408713059178941060,True,False
S16,2,52,FIT,90006800531447890193959124631602245892,184324798191110326078613388106149138585,1557103461947778177,4966494552880001491,2860954607041282441,179588005806017876778408713059178941060,True,False
S16,2,53,FIT,90006800531447890193959124631602245892,184324798191110326078613388106149138585,1557103461947778177,4966494552880001491,2860954607041282441,179588005806017876778408713059178941060,True,False
S16,2,54,VALIDATION,90006800531447890193959124631602245892,184324798191110326078613388106149138585,1557103461947778177,4966494552880001491,2860954607041282441,179588005806017876778408713059178941060,True,False
S16,2,55,VALIDATION,90006800531447890193959124631602245892,184324798191110326078613388106149138585,1557103461947778177,4966494552880001491,2860954607041282441,179588005806017876778408713059178941060,True,False
S16,2,56,FIT,90006800531447890193959124631602245892,184324798191110326078613388106149138585,1557103461947778177,4966494552880001491,2860954607041282441,179588005806017876778408713059178941060,True,False
S16,2,57,TEST,90006800531447890193959124631602245892,184324798191110326078613388106149138585,1557103461947778177,4966494552880001491,2860954607041282441,179588005806017876778408713059178941060,True,False
S16,2,58,VALIDATION,90006800531447890193959124631602245892,184324798191110326078613388106149138585,1557103461947778177,4966494552880001491,2860954607041282441,179588005806017876778408713059178941060,True,False
S16,2,59,VALIDATION,90006800531447890193959124631602245892,184324798191110326078613388106149138585,1557103461947778177,4966494552880001491,2860954607041282441,179588005806017876778408713059178941060,True,False
S16,2,60,FIT,90006800531447890193959124631602245892,184324798191110326078613388106149138585,1557103461947778177,4966494552880001491,2860954607041282441,179588005806017876778408713059178941060,True,False
S16,2,61,FIT,90006800531447890193959124631602245892,184324798191110326078613388106149138585,1557103461947778177,4966494552880001491,2860954607041282441,179588005806017876778408713059178941060,True,False
S16,2,62,VALIDATION,90006800531447890193959124631602245892,184324798191110326078613388106149138585,1557103461947778177,4966494552880001491,2860954607041282441,179588005806017876778408713059178941060,True,False
S16,2,63,FIT,90006800531447890193959124631602245892,184324798191110326078613388106149138585,1557103461947778177,4966494552880001491,2860954607041282441,179588005806017876778408713059178941060,True,False
S16,2,64,TEST,90006800531447890193959124631602245892,184324798191110326078613388106149138585,1557103461947778177,4966494552880001491,2860954607041282441,179588005806017876778408713059178941060,True,False
S16,2,65,FIT,90006800531447890193959124631602245892,184324798191110326078613388106149138585,1557103461947778177,4966494552880001491,2860954607041282441,179588005806017876778408713059178941060,True,False
S16,2,66,FIT,90006800531447890193959124631602245892,184324798191110326078613388106149138585,1557103461947778177,4966494552880001491,2860954607041282441,179588005806017876778408713059178941060,True,False
S16,2,67,VALIDATION,90006800531447890193959124631602245892,184324798191110326078613388106149138585,1557103461947778177,4966494552880001491,2860954607041282441,179588005806017876778408713059178941060,True,False
S16,2,68,FIT,90006800531447890193959124631602245892,184324798191110326078613388106149138585,1557103461947778177,4966494552880001491,2860954607041282441,179588005806017876778408713059178941060,True,False
S16,2,69,FIT,90006800531447890193959124631602245892,184324798191110326078613388106149138585,1557103461947778177,4966494552880001491,2860954607041282441,179588005806017876778408713059178941060,True,False
S16,2,70,TEST,90006800531447890193959124631602245892,184324798191110326078613388106149138585,1557103461947778177,4966494552880001491,2860954607041282441,179588005806017876778408713059178941060,True,False
S16,2,71,FIT,90006800531447890193959124631602245892,184324798191110326078613388106149138585,1557103461947778177,4966494552880001491,2860954607041282441,179588005806017876778408713059178941060,True,False
S16,2,72,TEST,90006800531447890193959124631602245892,184324798191110326078613388106149138585,1557103461947778177,4966494552880001491,2860954607041282441,179588005806017876778408713059178941060,True,False
S16,2,73,TEST,90006800531447890193959124631602245892,184324798191110326078613388106149138585,1557103461947778177,4966494552880001491,2860954607041282441,179588005806017876778408713059178941060,True,False
S16,2,74,FIT,90006800531447890193959124631602245892,184324798191110326078613388106149138585,1557103461947778177,4966494552880001491,2860954607041282441,179588005806017876778408713059178941060,True,False
S16,2,75,FIT,90006800531447890193959124631602245892,184324798191110326078613388106149138585,1557103461947778177,4966494552880001491,2860954607041282441,179588005806017876778408713059178941060,True,False
S16,2,76,TEST,90006800531447890193959124631602245892,184324798191110326078613388106149138585,1557103461947778177,4966494552880001491,2860954607041282441,179588005806017876778408713059178941060,True,False
S16,2,77,VALIDATION,90006800531447890193959124631602245892,184324798191110326078613388106149138585,1557103461947778177,4966494552880001491,2860954607041282441,179588005806017876778408713059178941060,True,False
S16,2,78,FIT,90006800531447890193959124631602245892,184324798191110326078613388106149138585,1557103461947778177,4966494552880001491,2860954607041282441,179588005806017876778408713059178941060,True,False
S16,2,79,FIT,90006800531447890193959124631602245892,184324798191110326078613388106149138585,1557103461947778177,4966494552880001491,2860954607041282441,179588005806017876778408713059178941060,True,False
S16,2,80,TEST,90006800531447890193959124631602245892,184324798191110326078613388106149138585,1557103461947778177,4966494552880001491,2860954607041282441,179588005806017876778408713059178941060,True,False
S16,2,81,FIT,90006800531447890193959124631602245892,184324798191110326078613388106149138585,1557103461947778177,4966494552880001491,2860954607041282441,179588005806017876778408713059178941060,True,False
S16,2,82,TEST,90006800531447890193959124631602245892,184324798191110326078613388106149138585,1557103461947778177,4966494552880001491,2860954607041282441,179588005806017876778408713059178941060,True,False
S16,2,83,FIT,90006800531447890193959124631602245892,184324798191110326078613388106149138585,1557103461947778177,4966494552880001491,2860954607041282441,179588005806017876778408713059178941060,True,False
S16,2,84,FIT,90006800531447890193959124631602245892,184324798191110326078613388106149138585,1557103461947778177,4966494552880001491,2860954607041282441,179588005806017876778408713059178941060,True,False
S16,2,85,TEST,90006800531447890193959124631602245892,184324798191110326078613388106149138585,1557103461947778177,4966494552880001491,2860954607041282441,179588005806017876778408713059178941060,True,False
S16,2,86,FIT,90006800531447890193959124631602245892,184324798191110326078613388106149138585,1557103461947778177,4966494552880001491,2860954607041282441,179588005806017876778408713059178941060,True,False
S16,2,87,FIT,90006800531447890193959124631602245892,184324798191110326078613388106149138585,1557103461947778177,4966494552880001491,2860954607041282441,179588005806017876778408713059178941060,True,False
S16,2,88,TEST,90006800531447890193959124631602245892,184324798191110326078613388106149138585,1557103461947778177,4966494552880001491,2860954607041282441,179588005806017876778408713059178941060,True,False
S16,2,89,FIT,90006800531447890193959124631602245892,184324798191110326078613388106149138585,1557103461947778177,4966494552880001491,2860954607041282441,179588005806017876778408713059178941060,True,False
S16,2,90,FIT,90006800531447890193959124631602245892,184324798191110326078613388106149138585,1557103461947778177,4966494552880001491,2860954607041282441,179588005806017876778408713059178941060,True,False
S16,2,91,FIT,90006800531447890193959124631602245892,184324798191110326078613388106149138585,1557103461947778177,4966494552880001491,2860954607041282441,179588005806017876778408713059178941060,True,False
S16,2,92,FIT,90006800531447890193959124631602245892,184324798191110326078613388106149138585,1557103461947778177,4966494552880001491,2860954607041282441,179588005806017876778408713059178941060,True,False
S16,2,93,TEST,90006800531447890193959124631602245892,184324798191110326078613388106149138585,1557103461947778177,4966494552880001491,2860954607041282441,179588005806017876778408713059178941060,True,False
S16,2,94,FIT,90006800531447890193959124631602245892,184324798191110326078613388106149138585,1557103461947778177,4966494552880001491,2860954607041282441,179588005806017876778408713059178941060,True,False
S16,2,95,FIT,90006800531447890193959124631602245892,184324798191110326078613388106149138585,1557103461947778177,4966494552880001491,2860954607041282441,179588005806017876778408713059178941060,True,False
S16,2,96,FIT,90006800531447890193959124631602245892,184324798191110326078613388106149138585,1557103461947778177,4966494552880001491,2860954607041282441,179588005806017876778408713059178941060,True,False
S16,2,97,FIT,90006800531447890193959124631602245892,184324798191110326078613388106149138585,1557103461947778177,4966494552880001491,2860954607041282441,179588005806017876778408713059178941060,True,False
S16,2,98,FIT,90006800531447890193959124631602245892,184324798191110326078613388106149138585,1557103461947778177,4966494552880001491,2860954607041282441,179588005806017876778408713059178941060,True,False
S16,2,99,VALIDATION,90006800531447890193959124631602245892,184324798191110326078613388106149138585,1557103461947778177,4966494552880001491,2860954607041282441,179588005806017876778408713059178941060,True,False
S16,3,0,TEST,46721488423969269149156748622702271750,181800268044959368804221202948974186081,3713570852971280576,1196047454545908514,4955107694026190844,70127642422303884473008840295454622988,True,False
S16,3,1,FIT,46721488423969269149156748622702271750,181800268044959368804221202948974186081,3713570852971280576,1196047454545908514,4955107694026190844,70127642422303884473008840295454622988,True,False
S16,3,2,VALIDATION,46721488423969269149156748622702271750,181800268044959368804221202948974186081,3713570852971280576,1196047454545908514,4955107694026190844,70127642422303884473008840295454622988,True,False
S16,3,3,TEST,46721488423969269149156748622702271750,181800268044959368804221202948974186081,3713570852971280576,1196047454545908514,4955107694026190844,70127642422303884473008840295454622988,True,False
S16,3,4,TEST,46721488423969269149156748622702271750,181800268044959368804221202948974186081,3713570852971280576,1196047454545908514,4955107694026190844,70127642422303884473008840295454622988,True,False
S16,3,5,FIT,46721488423969269149156748622702271750,181800268044959368804221202948974186081,3713570852971280576,1196047454545908514,4955107694026190844,70127642422303884473008840295454622988,True,False
S16,3,6,FIT,46721488423969269149156748622702271750,181800268044959368804221202948974186081,3713570852971280576,1196047454545908514,4955107694026190844,70127642422303884473008840295454622988,True,False
S16,3,7,FIT,46721488423969269149156748622702271750,181800268044959368804221202948974186081,3713570852971280576,1196047454545908514,4955107694026190844,70127642422303884473008840295454622988,True,False
S16,3,8,FIT,46721488423969269149156748622702271750,181800268044959368804221202948974186081,3713570852971280576,1196047454545908514,4955107694026190844,70127642422303884473008840295454622988,True,False
S16,3,9,FIT,46721488423969269149156748622702271750,181800268044959368804221202948974186081,3713570852971280576,1196047454545908514,4955107694026190844,70127642422303884473008840295454622988,True,False
S16,3,10,FIT,46721488423969269149156748622702271750,181800268044959368804221202948974186081,3713570852971280576,1196047454545908514,4955107694026190844,70127642422303884473008840295454622988,True,False
S16,3,11,TEST,46721488423969269149156748622702271750,181800268044959368804221202948974186081,3713570852971280576,1196047454545908514,4955107694026190844,70127642422303884473008840295454622988,True,False
S16,3,12,FIT,46721488423969269149156748622702271750,181800268044959368804221202948974186081,3713570852971280576,1196047454545908514,4955107694026190844,70127642422303884473008840295454622988,True,False
S16,3,13,FIT,46721488423969269149156748622702271750,181800268044959368804221202948974186081,3713570852971280576,1196047454545908514,4955107694026190844,70127642422303884473008840295454622988,True,False
S16,3,14,FIT,46721488423969269149156748622702271750,181800268044959368804221202948974186081,3713570852971280576,1196047454545908514,4955107694026190844,70127642422303884473008840295454622988,True,False
S16,3,15,FIT,46721488423969269149156748622702271750,181800268044959368804221202948974186081,3713570852971280576,1196047454545908514,4955107694026190844,70127642422303884473008840295454622988,True,False
S16,3,16,FIT,46721488423969269149156748622702271750,181800268044959368804221202948974186081,3713570852971280576,1196047454545908514,4955107694026190844,70127642422303884473008840295454622988,True,False
S16,3,17,FIT,46721488423969269149156748622702271750,181800268044959368804221202948974186081,3713570852971280576,1196047454545908514,4955107694026190844,70127642422303884473008840295454622988,True,False
S16,3,18,FIT,46721488423969269149156748622702271750,181800268044959368804221202948974186081,3713570852971280576,1196047454545908514,4955107694026190844,70127642422303884473008840295454622988,True,False
S16,3,19,FIT,46721488423969269149156748622702271750,181800268044959368804221202948974186081,3713570852971280576,1196047454545908514,4955107694026190844,70127642422303884473008840295454622988,True,False
S16,3,20,FIT,46721488423969269149156748622702271750,181800268044959368804221202948974186081,3713570852971280576,1196047454545908514,4955107694026190844,70127642422303884473008840295454622988,True,False
S16,3,21,FIT,46721488423969269149156748622702271750,181800268044959368804221202948974186081,3713570852971280576,1196047454545908514,4955107694026190844,70127642422303884473008840295454622988,True,False
S16,3,22,FIT,46721488423969269149156748622702271750,181800268044959368804221202948974186081,3713570852971280576,1196047454545908514,4955107694026190844,70127642422303884473008840295454622988,True,False
S16,3,23,VALIDATION,46721488423969269149156748622702271750,181800268044959368804221202948974186081,3713570852971280576,1196047454545908514,4955107694026190844,70127642422303884473008840295454622988,True,False
S16,3,24,FIT,46721488423969269149156748622702271750,181800268044959368804221202948974186081,3713570852971280576,1196047454545908514,4955107694026190844,70127642422303884473008840295454622988,True,False
S16,3,25,FIT,46721488423969269149156748622702271750,181800268044959368804221202948974186081,3713570852971280576,1196047454545908514,4955107694026190844,70127642422303884473008840295454622988,True,False
S16,3,26,VALIDATION,46721488423969269149156748622702271750,181800268044959368804221202948974186081,3713570852971280576,1196047454545908514,4955107694026190844,70127642422303884473008840295454622988,True,False
S16,3,27,FIT,46721488423969269149156748622702271750,181800268044959368804221202948974186081,3713570852971280576,1196047454545908514,4955107694026190844,70127642422303884473008840295454622988,True,False
S16,3,28,TEST,46721488423969269149156748622702271750,181800268044959368804221202948974186081,3713570852971280576,1196047454545908514,4955107694026190844,70127642422303884473008840295454622988,True,False
S16,3,29,TEST,46721488423969269149156748622702271750,181800268044959368804221202948974186081,3713570852971280576,1196047454545908514,4955107694026190844,70127642422303884473008840295454622988,True,False
S16,3,30,FIT,46721488423969269149156748622702271750,181800268044959368804221202948974186081,3713570852971280576,1196047454545908514,4955107694026190844,70127642422303884473008840295454622988,True,False
S16,3,31,FIT,46721488423969269149156748622702271750,181800268044959368804221202948974186081,3713570852971280576,1196047454545908514,4955107694026190844,70127642422303884473008840295454622988,True,False
S16,3,32,FIT,46721488423969269149156748622702271750,181800268044959368804221202948974186081,3713570852971280576,1196047454545908514,4955107694026190844,70127642422303884473008840295454622988,True,False
S16,3,33,FIT,46721488423969269149156748622702271750,181800268044959368804221202948974186081,3713570852971280576,1196047454545908514,4955107694026190844,70127642422303884473008840295454622988,True,False
S16,3,34,FIT,46721488423969269149156748622702271750,181800268044959368804221202948974186081,3713570852971280576,1196047454545908514,4955107694026190844,70127642422303884473008840295454622988,True,False
S16,3,35,FIT,46721488423969269149156748622702271750,181800268044959368804221202948974186081,3713570852971280576,1196047454545908514,4955107694026190844,70127642422303884473008840295454622988,True,False
S16,3,36,FIT,46721488423969269149156748622702271750,181800268044959368804221202948974186081,3713570852971280576,1196047454545908514,4955107694026190844,70127642422303884473008840295454622988,True,False
S16,3,37,FIT,46721488423969269149156748622702271750,181800268044959368804221202948974186081,3713570852971280576,1196047454545908514,4955107694026190844,70127642422303884473008840295454622988,True,False
S16,3,38,VALIDATION,46721488423969269149156748622702271750,181800268044959368804221202948974186081,3713570852971280576,1196047454545908514,4955107694026190844,70127642422303884473008840295454622988,True,False
S16,3,39,VALIDATION,46721488423969269149156748622702271750,181800268044959368804221202948974186081,3713570852971280576,1196047454545908514,4955107694026190844,70127642422303884473008840295454622988,True,False
S16,3,40,TEST,46721488423969269149156748622702271750,181800268044959368804221202948974186081,3713570852971280576,1196047454545908514,4955107694026190844,70127642422303884473008840295454622988,True,False
S16,3,41,FIT,46721488423969269149156748622702271750,181800268044959368804221202948974186081,3713570852971280576,1196047454545908514,4955107694026190844,70127642422303884473008840295454622988,True,False
S16,3,42,FIT,46721488423969269149156748622702271750,181800268044959368804221202948974186081,3713570852971280576,1196047454545908514,4955107694026190844,70127642422303884473008840295454622988,True,False
S16,3,43,VALIDATION,46721488423969269149156748622702271750,181800268044959368804221202948974186081,3713570852971280576,1196047454545908514,4955107694026190844,70127642422303884473008840295454622988,True,False
S16,3,44,FIT,46721488423969269149156748622702271750,181800268044959368804221202948974186081,3713570852971280576,1196047454545908514,4955107694026190844,70127642422303884473008840295454622988,True,False
S16,3,45,VALIDATION,46721488423969269149156748622702271750,181800268044959368804221202948974186081,3713570852971280576,1196047454545908514,4955107694026190844,70127642422303884473008840295454622988,True,False
S16,3,46,FIT,46721488423969269149156748622702271750,181800268044959368804221202948974186081,3713570852971280576,1196047454545908514,4955107694026190844,70127642422303884473008840295454622988,True,False
S16,3,47,TEST,46721488423969269149156748622702271750,181800268044959368804221202948974186081,3713570852971280576,1196047454545908514,4955107694026190844,70127642422303884473008840295454622988,True,False
S16,3,48,TEST,46721488423969269149156748622702271750,181800268044959368804221202948974186081,3713570852971280576,1196047454545908514,4955107694026190844,70127642422303884473008840295454622988,True,False
S16,3,49,FIT,46721488423969269149156748622702271750,181800268044959368804221202948974186081,3713570852971280576,1196047454545908514,4955107694026190844,70127642422303884473008840295454622988,True,False
S16,3,50,FIT,46721488423969269149156748622702271750,181800268044959368804221202948974186081,3713570852971280576,1196047454545908514,4955107694026190844,70127642422303884473008840295454622988,True,False
S16,3,51,FIT,46721488423969269149156748622702271750,181800268044959368804221202948974186081,3713570852971280576,1196047454545908514,4955107694026190844,70127642422303884473008840295454622988,True,False
S16,3,52,TEST,46721488423969269149156748622702271750,181800268044959368804221202948974186081,3713570852971280576,1196047454545908514,4955107694026190844,70127642422303884473008840295454622988,True,False
S16,3,53,FIT,46721488423969269149156748622702271750,181800268044959368804221202948974186081,3713570852971280576,1196047454545908514,4955107694026190844,70127642422303884473008840295454622988,True,False
S16,3,54,FIT,46721488423969269149156748622702271750,181800268044959368804221202948974186081,3713570852971280576,1196047454545908514,4955107694026190844,70127642422303884473008840295454622988,True,False
S16,3,55,FIT,46721488423969269149156748622702271750,181800268044959368804221202948974186081,3713570852971280576,1196047454545908514,4955107694026190844,70127642422303884473008840295454622988,True,False
S16,3,56,TEST,46721488423969269149156748622702271750,181800268044959368804221202948974186081,3713570852971280576,1196047454545908514,4955107694026190844,70127642422303884473008840295454622988,True,False
S16,3,57,VALIDATION,46721488423969269149156748622702271750,181800268044959368804221202948974186081,3713570852971280576,1196047454545908514,4955107694026190844,70127642422303884473008840295454622988,True,False
S16,3,58,TEST,46721488423969269149156748622702271750,181800268044959368804221202948974186081,3713570852971280576,1196047454545908514,4955107694026190844,70127642422303884473008840295454622988,True,False
S16,3,59,FIT,46721488423969269149156748622702271750,181800268044959368804221202948974186081,3713570852971280576,1196047454545908514,4955107694026190844,70127642422303884473008840295454622988,True,False
S16,3,60,FIT,46721488423969269149156748622702271750,181800268044959368804221202948974186081,3713570852971280576,1196047454545908514,4955107694026190844,70127642422303884473008840295454622988,True,False
S16,3,61,FIT,46721488423969269149156748622702271750,181800268044959368804221202948974186081,3713570852971280576,1196047454545908514,4955107694026190844,70127642422303884473008840295454622988,True,False
S16,3,62,TEST,46721488423969269149156748622702271750,181800268044959368804221202948974186081,3713570852971280576,1196047454545908514,4955107694026190844,70127642422303884473008840295454622988,True,False
S16,3,63,FIT,46721488423969269149156748622702271750,181800268044959368804221202948974186081,3713570852971280576,1196047454545908514,4955107694026190844,70127642422303884473008840295454622988,True,False
S16,3,64,FIT,46721488423969269149156748622702271750,181800268044959368804221202948974186081,3713570852971280576,1196047454545908514,4955107694026190844,70127642422303884473008840295454622988,True,False
S16,3,65,FIT,46721488423969269149156748622702271750,181800268044959368804221202948974186081,3713570852971280576,1196047454545908514,4955107694026190844,70127642422303884473008840295454622988,True,False
S16,3,66,FIT,46721488423969269149156748622702271750,181800268044959368804221202948974186081,3713570852971280576,1196047454545908514,4955107694026190844,70127642422303884473008840295454622988,True,False
S16,3,67,VALIDATION,46721488423969269149156748622702271750,181800268044959368804221202948974186081,3713570852971280576,1196047454545908514,4955107694026190844,70127642422303884473008840295454622988,True,False
S16,3,68,VALIDATION,46721488423969269149156748622702271750,181800268044959368804221202948974186081,3713570852971280576,1196047454545908514,4955107694026190844,70127642422303884473008840295454622988,True,False
S16,3,69,TEST,46721488423969269149156748622702271750,181800268044959368804221202948974186081,3713570852971280576,1196047454545908514,4955107694026190844,70127642422303884473008840295454622988,True,False
S16,3,70,VALIDATION,46721488423969269149156748622702271750,181800268044959368804221202948974186081,3713570852971280576,1196047454545908514,4955107694026190844,70127642422303884473008840295454622988,True,False
S16,3,71,FIT,46721488423969269149156748622702271750,181800268044959368804221202948974186081,3713570852971280576,1196047454545908514,4955107694026190844,70127642422303884473008840295454622988,True,False
S16,3,72,TEST,46721488423969269149156748622702271750,181800268044959368804221202948974186081,3713570852971280576,1196047454545908514,4955107694026190844,70127642422303884473008840295454622988,True,False
S16,3,73,FIT,46721488423969269149156748622702271750,181800268044959368804221202948974186081,3713570852971280576,1196047454545908514,4955107694026190844,70127642422303884473008840295454622988,True,False
S16,3,74,VALIDATION,46721488423969269149156748622702271750,181800268044959368804221202948974186081,3713570852971280576,1196047454545908514,4955107694026190844,70127642422303884473008840295454622988,True,False
S16,3,75,FIT,46721488423969269149156748622702271750,181800268044959368804221202948974186081,3713570852971280576,1196047454545908514,4955107694026190844,70127642422303884473008840295454622988,True,False
S16,3,76,FIT,46721488423969269149156748622702271750,181800268044959368804221202948974186081,3713570852971280576,1196047454545908514,4955107694026190844,70127642422303884473008840295454622988,True,False
S16,3,77,FIT,46721488423969269149156748622702271750,181800268044959368804221202948974186081,3713570852971280576,1196047454545908514,4955107694026190844,70127642422303884473008840295454622988,True,False
S16,3,78,TEST,46721488423969269149156748622702271750,181800268044959368804221202948974186081,3713570852971280576,1196047454545908514,4955107694026190844,70127642422303884473008840295454622988,True,False
S16,3,79,FIT,46721488423969269149156748622702271750,181800268044959368804221202948974186081,3713570852971280576,1196047454545908514,4955107694026190844,70127642422303884473008840295454622988,True,False
S16,3,80,FIT,46721488423969269149156748622702271750,181800268044959368804221202948974186081,3713570852971280576,1196047454545908514,4955107694026190844,70127642422303884473008840295454622988,True,False
S16,3,81,TEST,46721488423969269149156748622702271750,181800268044959368804221202948974186081,3713570852971280576,1196047454545908514,4955107694026190844,70127642422303884473008840295454622988,True,False
S16,3,82,TEST,46721488423969269149156748622702271750,181800268044959368804221202948974186081,3713570852971280576,1196047454545908514,4955107694026190844,70127642422303884473008840295454622988,True,False
S16,3,83,FIT,46721488423969269149156748622702271750,181800268044959368804221202948974186081,3713570852971280576,1196047454545908514,4955107694026190844,70127642422303884473008840295454622988,True,False
S16,3,84,FIT,46721488423969269149156748622702271750,181800268044959368804221202948974186081,3713570852971280576,1196047454545908514,4955107694026190844,70127642422303884473008840295454622988,True,False
S16,3,85,VALIDATION,46721488423969269149156748622702271750,181800268044959368804221202948974186081,3713570852971280576,1196047454545908514,4955107694026190844,70127642422303884473008840295454622988,True,False
S16,3,86,VALIDATION,46721488423969269149156748622702271750,181800268044959368804221202948974186081,3713570852971280576,1196047454545908514,4955107694026190844,70127642422303884473008840295454622988,True,False
S16,3,87,FIT,46721488423969269149156748622702271750,181800268044959368804221202948974186081,3713570852971280576,1196047454545908514,4955107694026190844,70127642422303884473008840295454622988,True,False
S16,3,88,FIT,46721488423969269149156748622702271750,181800268044959368804221202948974186081,3713570852971280576,1196047454545908514,4955107694026190844,70127642422303884473008840295454622988,True,False
S16,3,89,VALIDATION,46721488423969269149156748622702271750,181800268044959368804221202948974186081,3713570852971280576,1196047454545908514,4955107694026190844,70127642422303884473008840295454622988,True,False
S16,3,90,FIT,46721488423969269149156748622702271750,181800268044959368804221202948974186081,3713570852971280576,1196047454545908514,4955107694026190844,70127642422303884473008840295454622988,True,False
S16,3,91,VALIDATION,46721488423969269149156748622702271750,181800268044959368804221202948974186081,3713570852971280576,1196047454545908514,4955107694026190844,70127642422303884473008840295454622988,True,False
S16,3,92,FIT,46721488423969269149156748622702271750,181800268044959368804221202948974186081,3713570852971280576,1196047454545908514,4955107694026190844,70127642422303884473008840295454622988,True,False
S16,3,93,TEST,46721488423969269149156748622702271750,181800268044959368804221202948974186081,3713570852971280576,1196047454545908514,4955107694026190844,70127642422303884473008840295454622988,True,False
S16,3,94,FIT,46721488423969269149156748622702271750,181800268044959368804221202948974186081,3713570852971280576,1196047454545908514,4955107694026190844,70127642422303884473008840295454622988,True,False
S16,3,95,FIT,46721488423969269149156748622702271750,181800268044959368804221202948974186081,3713570852971280576,1196047454545908514,4955107694026190844,70127642422303884473008840295454622988,True,False
S16,3,96,TEST,46721488423969269149156748622702271750,181800268044959368804221202948974186081,3713570852971280576,1196047454545908514,4955107694026190844,70127642422303884473008840295454622988,True,False
S16,3,97,FIT,46721488423969269149156748622702271750,181800268044959368804221202948974186081,3713570852971280576,1196047454545908514,4955107694026190844,70127642422303884473008840295454622988,True,False
S16,3,98,FIT,46721488423969269149156748622702271750,181800268044959368804221202948974186081,3713570852971280576,1196047454545908514,4955107694026190844,70127642422303884473008840295454622988,True,False
S16,3,99,FIT,46721488423969269149156748622702271750,181800268044959368804221202948974186081,3713570852971280576,1196047454545908514,4955107694026190844,70127642422303884473008840295454622988,True,False
S16,4,0,FIT,53525288490972689221971620290527854687,29828215503518506943149207491045235104,3945724851197865995,110803892708463508,653217438372520385,69887253499338462719495922823062374000,True,False
S16,4,1,VALIDATION,53525288490972689221971620290527854687,29828215503518506943149207491045235104,3945724851197865995,110803892708463508,653217438372520385,69887253499338462719495922823062374000,True,False
S16,4,2,FIT,53525288490972689221971620290527854687,29828215503518506943149207491045235104,3945724851197865995,110803892708463508,653217438372520385,69887253499338462719495922823062374000,True,False
S16,4,3,VALIDATION,53525288490972689221971620290527854687,29828215503518506943149207491045235104,3945724851197865995,110803892708463508,653217438372520385,69887253499338462719495922823062374000,True,False
S16,4,4,FIT,53525288490972689221971620290527854687,29828215503518506943149207491045235104,3945724851197865995,110803892708463508,653217438372520385,69887253499338462719495922823062374000,True,False
S16,4,5,TEST,53525288490972689221971620290527854687,29828215503518506943149207491045235104,3945724851197865995,110803892708463508,653217438372520385,69887253499338462719495922823062374000,True,False
S16,4,6,TEST,53525288490972689221971620290527854687,29828215503518506943149207491045235104,3945724851197865995,110803892708463508,653217438372520385,69887253499338462719495922823062374000,True,False
S16,4,7,TEST,53525288490972689221971620290527854687,29828215503518506943149207491045235104,3945724851197865995,110803892708463508,653217438372520385,69887253499338462719495922823062374000,True,False
S16,4,8,FIT,53525288490972689221971620290527854687,29828215503518506943149207491045235104,3945724851197865995,110803892708463508,653217438372520385,69887253499338462719495922823062374000,True,False
S16,4,9,VALIDATION,53525288490972689221971620290527854687,29828215503518506943149207491045235104,3945724851197865995,110803892708463508,653217438372520385,69887253499338462719495922823062374000,True,False
S16,4,10,FIT,53525288490972689221971620290527854687,29828215503518506943149207491045235104,3945724851197865995,110803892708463508,653217438372520385,69887253499338462719495922823062374000,True,False
S16,4,11,VALIDATION,53525288490972689221971620290527854687,29828215503518506943149207491045235104,3945724851197865995,110803892708463508,653217438372520385,69887253499338462719495922823062374000,True,False
S16,4,12,FIT,53525288490972689221971620290527854687,29828215503518506943149207491045235104,3945724851197865995,110803892708463508,653217438372520385,69887253499338462719495922823062374000,True,False
S16,4,13,TEST,53525288490972689221971620290527854687,29828215503518506943149207491045235104,3945724851197865995,110803892708463508,653217438372520385,69887253499338462719495922823062374000,True,False
S16,4,14,FIT,53525288490972689221971620290527854687,29828215503518506943149207491045235104,3945724851197865995,110803892708463508,653217438372520385,69887253499338462719495922823062374000,True,False
S16,4,15,VALIDATION,53525288490972689221971620290527854687,29828215503518506943149207491045235104,3945724851197865995,110803892708463508,653217438372520385,69887253499338462719495922823062374000,True,False
S16,4,16,FIT,53525288490972689221971620290527854687,29828215503518506943149207491045235104,3945724851197865995,110803892708463508,653217438372520385,69887253499338462719495922823062374000,True,False
S16,4,17,TEST,53525288490972689221971620290527854687,29828215503518506943149207491045235104,3945724851197865995,110803892708463508,653217438372520385,69887253499338462719495922823062374000,True,False
S16,4,18,FIT,53525288490972689221971620290527854687,29828215503518506943149207491045235104,3945724851197865995,110803892708463508,653217438372520385,69887253499338462719495922823062374000,True,False
S16,4,19,TEST,53525288490972689221971620290527854687,29828215503518506943149207491045235104,3945724851197865995,110803892708463508,653217438372520385,69887253499338462719495922823062374000,True,False
S16,4,20,FIT,53525288490972689221971620290527854687,29828215503518506943149207491045235104,3945724851197865995,110803892708463508,653217438372520385,69887253499338462719495922823062374000,True,False
S16,4,21,TEST,53525288490972689221971620290527854687,29828215503518506943149207491045235104,3945724851197865995,110803892708463508,653217438372520385,69887253499338462719495922823062374000,True,False
S16,4,22,VALIDATION,53525288490972689221971620290527854687,29828215503518506943149207491045235104,3945724851197865995,110803892708463508,653217438372520385,69887253499338462719495922823062374000,True,False
S16,4,23,FIT,53525288490972689221971620290527854687,29828215503518506943149207491045235104,3945724851197865995,110803892708463508,653217438372520385,69887253499338462719495922823062374000,True,False
S16,4,24,FIT,53525288490972689221971620290527854687,29828215503518506943149207491045235104,3945724851197865995,110803892708463508,653217438372520385,69887253499338462719495922823062374000,True,False
S16,4,25,FIT,53525288490972689221971620290527854687,29828215503518506943149207491045235104,3945724851197865995,110803892708463508,653217438372520385,69887253499338462719495922823062374000,True,False
S16,4,26,TEST,53525288490972689221971620290527854687,29828215503518506943149207491045235104,3945724851197865995,110803892708463508,653217438372520385,69887253499338462719495922823062374000,True,False
S16,4,27,FIT,53525288490972689221971620290527854687,29828215503518506943149207491045235104,3945724851197865995,110803892708463508,653217438372520385,69887253499338462719495922823062374000,True,False
S16,4,28,FIT,53525288490972689221971620290527854687,29828215503518506943149207491045235104,3945724851197865995,110803892708463508,653217438372520385,69887253499338462719495922823062374000,True,False
S16,4,29,FIT,53525288490972689221971620290527854687,29828215503518506943149207491045235104,3945724851197865995,110803892708463508,653217438372520385,69887253499338462719495922823062374000,True,False
S16,4,30,FIT,53525288490972689221971620290527854687,29828215503518506943149207491045235104,3945724851197865995,110803892708463508,653217438372520385,69887253499338462719495922823062374000,True,False
S16,4,31,FIT,53525288490972689221971620290527854687,29828215503518506943149207491045235104,3945724851197865995,110803892708463508,653217438372520385,69887253499338462719495922823062374000,True,False
S16,4,32,TEST,53525288490972689221971620290527854687,29828215503518506943149207491045235104,3945724851197865995,110803892708463508,653217438372520385,69887253499338462719495922823062374000,True,False
S16,4,33,FIT,53525288490972689221971620290527854687,29828215503518506943149207491045235104,3945724851197865995,110803892708463508,653217438372520385,69887253499338462719495922823062374000,True,False
S16,4,34,TEST,53525288490972689221971620290527854687,29828215503518506943149207491045235104,3945724851197865995,110803892708463508,653217438372520385,69887253499338462719495922823062374000,True,False
S16,4,35,FIT,53525288490972689221971620290527854687,29828215503518506943149207491045235104,3945724851197865995,110803892708463508,653217438372520385,69887253499338462719495922823062374000,True,False
S16,4,36,VALIDATION,53525288490972689221971620290527854687,29828215503518506943149207491045235104,3945724851197865995,110803892708463508,653217438372520385,69887253499338462719495922823062374000,True,False
S16,4,37,FIT,53525288490972689221971620290527854687,29828215503518506943149207491045235104,3945724851197865995,110803892708463508,653217438372520385,69887253499338462719495922823062374000,True,False
S16,4,38,FIT,53525288490972689221971620290527854687,29828215503518506943149207491045235104,3945724851197865995,110803892708463508,653217438372520385,69887253499338462719495922823062374000,True,False
S16,4,39,TEST,53525288490972689221971620290527854687,29828215503518506943149207491045235104,3945724851197865995,110803892708463508,653217438372520385,69887253499338462719495922823062374000,True,False
S16,4,40,FIT,53525288490972689221971620290527854687,29828215503518506943149207491045235104,3945724851197865995,110803892708463508,653217438372520385,69887253499338462719495922823062374000,True,False
S16,4,41,FIT,53525288490972689221971620290527854687,29828215503518506943149207491045235104,3945724851197865995,110803892708463508,653217438372520385,69887253499338462719495922823062374000,True,False
S16,4,42,FIT,53525288490972689221971620290527854687,29828215503518506943149207491045235104,3945724851197865995,110803892708463508,653217438372520385,69887253499338462719495922823062374000,True,False
S16,4,43,FIT,53525288490972689221971620290527854687,29828215503518506943149207491045235104,3945724851197865995,110803892708463508,653217438372520385,69887253499338462719495922823062374000,True,False
S16,4,44,FIT,53525288490972689221971620290527854687,29828215503518506943149207491045235104,3945724851197865995,110803892708463508,653217438372520385,69887253499338462719495922823062374000,True,False
S16,4,45,FIT,53525288490972689221971620290527854687,29828215503518506943149207491045235104,3945724851197865995,110803892708463508,653217438372520385,69887253499338462719495922823062374000,True,False
S16,4,46,VALIDATION,53525288490972689221971620290527854687,29828215503518506943149207491045235104,3945724851197865995,110803892708463508,653217438372520385,69887253499338462719495922823062374000,True,False
S16,4,47,TEST,53525288490972689221971620290527854687,29828215503518506943149207491045235104,3945724851197865995,110803892708463508,653217438372520385,69887253499338462719495922823062374000,True,False
S16,4,48,FIT,53525288490972689221971620290527854687,29828215503518506943149207491045235104,3945724851197865995,110803892708463508,653217438372520385,69887253499338462719495922823062374000,True,False
S16,4,49,VALIDATION,53525288490972689221971620290527854687,29828215503518506943149207491045235104,3945724851197865995,110803892708463508,653217438372520385,69887253499338462719495922823062374000,True,False
S16,4,50,FIT,53525288490972689221971620290527854687,29828215503518506943149207491045235104,3945724851197865995,110803892708463508,653217438372520385,69887253499338462719495922823062374000,True,False
S16,4,51,FIT,53525288490972689221971620290527854687,29828215503518506943149207491045235104,3945724851197865995,110803892708463508,653217438372520385,69887253499338462719495922823062374000,True,False
S16,4,52,FIT,53525288490972689221971620290527854687,29828215503518506943149207491045235104,3945724851197865995,110803892708463508,653217438372520385,69887253499338462719495922823062374000,True,False
S16,4,53,TEST,53525288490972689221971620290527854687,29828215503518506943149207491045235104,3945724851197865995,110803892708463508,653217438372520385,69887253499338462719495922823062374000,True,False
S16,4,54,VALIDATION,53525288490972689221971620290527854687,29828215503518506943149207491045235104,3945724851197865995,110803892708463508,653217438372520385,69887253499338462719495922823062374000,True,False
S16,4,55,FIT,53525288490972689221971620290527854687,29828215503518506943149207491045235104,3945724851197865995,110803892708463508,653217438372520385,69887253499338462719495922823062374000,True,False
S16,4,56,FIT,53525288490972689221971620290527854687,29828215503518506943149207491045235104,3945724851197865995,110803892708463508,653217438372520385,69887253499338462719495922823062374000,True,False
S16,4,57,VALIDATION,53525288490972689221971620290527854687,29828215503518506943149207491045235104,3945724851197865995,110803892708463508,653217438372520385,69887253499338462719495922823062374000,True,False
S16,4,58,FIT,53525288490972689221971620290527854687,29828215503518506943149207491045235104,3945724851197865995,110803892708463508,653217438372520385,69887253499338462719495922823062374000,True,False
S16,4,59,TEST,53525288490972689221971620290527854687,29828215503518506943149207491045235104,3945724851197865995,110803892708463508,653217438372520385,69887253499338462719495922823062374000,True,False
S16,4,60,FIT,53525288490972689221971620290527854687,29828215503518506943149207491045235104,3945724851197865995,110803892708463508,653217438372520385,69887253499338462719495922823062374000,True,False
S16,4,61,TEST,53525288490972689221971620290527854687,29828215503518506943149207491045235104,3945724851197865995,110803892708463508,653217438372520385,69887253499338462719495922823062374000,True,False
S16,4,62,VALIDATION,53525288490972689221971620290527854687,29828215503518506943149207491045235104,3945724851197865995,110803892708463508,653217438372520385,69887253499338462719495922823062374000,True,False
S16,4,63,TEST,53525288490972689221971620290527854687,29828215503518506943149207491045235104,3945724851197865995,110803892708463508,653217438372520385,69887253499338462719495922823062374000,True,False
S16,4,64,TEST,53525288490972689221971620290527854687,29828215503518506943149207491045235104,3945724851197865995,110803892708463508,653217438372520385,69887253499338462719495922823062374000,True,False
S16,4,65,TEST,53525288490972689221971620290527854687,29828215503518506943149207491045235104,3945724851197865995,110803892708463508,653217438372520385,69887253499338462719495922823062374000,True,False
S16,4,66,FIT,53525288490972689221971620290527854687,29828215503518506943149207491045235104,3945724851197865995,110803892708463508,653217438372520385,69887253499338462719495922823062374000,True,False
S16,4,67,VALIDATION,53525288490972689221971620290527854687,29828215503518506943149207491045235104,3945724851197865995,110803892708463508,653217438372520385,69887253499338462719495922823062374000,True,False
S16,4,68,TEST,53525288490972689221971620290527854687,29828215503518506943149207491045235104,3945724851197865995,110803892708463508,653217438372520385,69887253499338462719495922823062374000,True,False
S16,4,69,FIT,53525288490972689221971620290527854687,29828215503518506943149207491045235104,3945724851197865995,110803892708463508,653217438372520385,69887253499338462719495922823062374000,True,False
S16,4,70,FIT,53525288490972689221971620290527854687,29828215503518506943149207491045235104,3945724851197865995,110803892708463508,653217438372520385,69887253499338462719495922823062374000,True,False
S16,4,71,FIT,53525288490972689221971620290527854687,29828215503518506943149207491045235104,3945724851197865995,110803892708463508,653217438372520385,69887253499338462719495922823062374000,True,False
S16,4,72,FIT,53525288490972689221971620290527854687,29828215503518506943149207491045235104,3945724851197865995,110803892708463508,653217438372520385,69887253499338462719495922823062374000,True,False
S16,4,73,FIT,53525288490972689221971620290527854687,29828215503518506943149207491045235104,3945724851197865995,110803892708463508,653217438372520385,69887253499338462719495922823062374000,True,False
S16,4,74,FIT,53525288490972689221971620290527854687,29828215503518506943149207491045235104,3945724851197865995,110803892708463508,653217438372520385,69887253499338462719495922823062374000,True,False
S16,4,75,FIT,53525288490972689221971620290527854687,29828215503518506943149207491045235104,3945724851197865995,110803892708463508,653217438372520385,69887253499338462719495922823062374000,True,False
S16,4,76,FIT,53525288490972689221971620290527854687,29828215503518506943149207491045235104,3945724851197865995,110803892708463508,653217438372520385,69887253499338462719495922823062374000,True,False
S16,4,77,FIT,53525288490972689221971620290527854687,29828215503518506943149207491045235104,3945724851197865995,110803892708463508,653217438372520385,69887253499338462719495922823062374000,True,False
S16,4,78,FIT,53525288490972689221971620290527854687,29828215503518506943149207491045235104,3945724851197865995,110803892708463508,653217438372520385,69887253499338462719495922823062374000,True,False
S16,4,79,FIT,53525288490972689221971620290527854687,29828215503518506943149207491045235104,3945724851197865995,110803892708463508,653217438372520385,69887253499338462719495922823062374000,True,False
S16,4,80,FIT,53525288490972689221971620290527854687,29828215503518506943149207491045235104,3945724851197865995,110803892708463508,653217438372520385,69887253499338462719495922823062374000,True,False
S16,4,81,FIT,53525288490972689221971620290527854687,29828215503518506943149207491045235104,3945724851197865995,110803892708463508,653217438372520385,69887253499338462719495922823062374000,True,False
S16,4,82,FIT,53525288490972689221971620290527854687,29828215503518506943149207491045235104,3945724851197865995,110803892708463508,653217438372520385,69887253499338462719495922823062374000,True,False
S16,4,83,FIT,53525288490972689221971620290527854687,29828215503518506943149207491045235104,3945724851197865995,110803892708463508,653217438372520385,69887253499338462719495922823062374000,True,False
S16,4,84,FIT,53525288490972689221971620290527854687,29828215503518506943149207491045235104,3945724851197865995,110803892708463508,653217438372520385,69887253499338462719495922823062374000,True,False
S16,4,85,FIT,53525288490972689221971620290527854687,29828215503518506943149207491045235104,3945724851197865995,110803892708463508,653217438372520385,69887253499338462719495922823062374000,True,False
S16,4,86,FIT,53525288490972689221971620290527854687,29828215503518506943149207491045235104,3945724851197865995,110803892708463508,653217438372520385,69887253499338462719495922823062374000,True,False
S16,4,87,FIT,53525288490972689221971620290527854687,29828215503518506943149207491045235104,3945724851197865995,110803892708463508,653217438372520385,69887253499338462719495922823062374000,True,False
S16,4,88,TEST,53525288490972689221971620290527854687,29828215503518506943149207491045235104,3945724851197865995,110803892708463508,653217438372520385,69887253499338462719495922823062374000,True,False
S16,4,89,VALIDATION,53525288490972689221971620290527854687,29828215503518506943149207491045235104,3945724851197865995,110803892708463508,653217438372520385,69887253499338462719495922823062374000,True,False
S16,4,90,FIT,53525288490972689221971620290527854687,29828215503518506943149207491045235104,3945724851197865995,110803892708463508,653217438372520385,69887253499338462719495922823062374000,True,False
S16,4,91,FIT,53525288490972689221971620290527854687,29828215503518506943149207491045235104,3945724851197865995,110803892708463508,653217438372520385,69887253499338462719495922823062374000,True,False
S16,4,92,VALIDATION,53525288490972689221971620290527854687,29828215503518506943149207491045235104,3945724851197865995,110803892708463508,653217438372520385,69887253499338462719495922823062374000,True,False
S16,4,93,FIT,53525288490972689221971620290527854687,29828215503518506943149207491045235104,3945724851197865995,110803892708463508,653217438372520385,69887253499338462719495922823062374000,True,False
S16,4,94,VALIDATION,53525288490972689221971620290527854687,29828215503518506943149207491045235104,3945724851197865995,110803892708463508,653217438372520385,69887253499338462719495922823062374000,True,False
S16,4,95,FIT,53525288490972689221971620290527854687,29828215503518506943149207491045235104,3945724851197865995,110803892708463508,653217438372520385,69887253499338462719495922823062374000,True,False
S16,4,96,FIT,53525288490972689221971620290527854687,29828215503518506943149207491045235104,3945724851197865995,110803892708463508,653217438372520385,69887253499338462719495922823062374000,True,False
S16,4,97,FIT,53525288490972689221971620290527854687,29828215503518506943149207491045235104,3945724851197865995,110803892708463508,653217438372520385,69887253499338462719495922823062374000,True,False
S16,4,98,FIT,53525288490972689221971620290527854687,29828215503518506943149207491045235104,3945724851197865995,110803892708463508,653217438372520385,69887253499338462719495922823062374000,True,False
S16,4,99,FIT,53525288490972689221971620290527854687,29828215503518506943149207491045235104,3945724851197865995,110803892708463508,653217438372520385,69887253499338462719495922823062374000,True,False
S16,5,0,TEST,291469287178724625445566511420437240320,326950083438592568171492659211641792018,9128554895262573187,7688103921426016835,433247081383711707,55585189002303152705676955033735962873,True,False
S16,5,1,TEST,291469287178724625445566511420437240320,326950083438592568171492659211641792018,9128554895262573187,7688103921426016835,433247081383711707,55585189002303152705676955033735962873,True,False
S16,5,2,TEST,291469287178724625445566511420437240320,326950083438592568171492659211641792018,9128554895262573187,7688103921426016835,433247081383711707,55585189002303152705676955033735962873,True,False
S16,5,3,FIT,291469287178724625445566511420437240320,326950083438592568171492659211641792018,9128554895262573187,7688103921426016835,433247081383711707,55585189002303152705676955033735962873,True,False
S16,5,4,TEST,291469287178724625445566511420437240320,326950083438592568171492659211641792018,9128554895262573187,7688103921426016835,433247081383711707,55585189002303152705676955033735962873,True,False
S16,5,5,FIT,291469287178724625445566511420437240320,326950083438592568171492659211641792018,9128554895262573187,7688103921426016835,433247081383711707,55585189002303152705676955033735962873,True,False
S16,5,6,FIT,291469287178724625445566511420437240320,326950083438592568171492659211641792018,9128554895262573187,7688103921426016835,433247081383711707,55585189002303152705676955033735962873,True,False
S16,5,7,VALIDATION,291469287178724625445566511420437240320,326950083438592568171492659211641792018,9128554895262573187,7688103921426016835,433247081383711707,55585189002303152705676955033735962873,True,False
S16,5,8,FIT,291469287178724625445566511420437240320,326950083438592568171492659211641792018,9128554895262573187,7688103921426016835,433247081383711707,55585189002303152705676955033735962873,True,False
S16,5,9,FIT,291469287178724625445566511420437240320,326950083438592568171492659211641792018,9128554895262573187,7688103921426016835,433247081383711707,55585189002303152705676955033735962873,True,False
S16,5,10,FIT,291469287178724625445566511420437240320,326950083438592568171492659211641792018,9128554895262573187,7688103921426016835,433247081383711707,55585189002303152705676955033735962873,True,False
S16,5,11,FIT,291469287178724625445566511420437240320,326950083438592568171492659211641792018,9128554895262573187,7688103921426016835,433247081383711707,55585189002303152705676955033735962873,True,False
S16,5,12,VALIDATION,291469287178724625445566511420437240320,326950083438592568171492659211641792018,9128554895262573187,7688103921426016835,433247081383711707,55585189002303152705676955033735962873,True,False
S16,5,13,VALIDATION,291469287178724625445566511420437240320,326950083438592568171492659211641792018,9128554895262573187,7688103921426016835,433247081383711707,55585189002303152705676955033735962873,True,False
S16,5,14,FIT,291469287178724625445566511420437240320,326950083438592568171492659211641792018,9128554895262573187,7688103921426016835,433247081383711707,55585189002303152705676955033735962873,True,False
S16,5,15,FIT,291469287178724625445566511420437240320,326950083438592568171492659211641792018,9128554895262573187,7688103921426016835,433247081383711707,55585189002303152705676955033735962873,True,False
S16,5,16,FIT,291469287178724625445566511420437240320,326950083438592568171492659211641792018,9128554895262573187,7688103921426016835,433247081383711707,55585189002303152705676955033735962873,True,False
S16,5,17,VALIDATION,291469287178724625445566511420437240320,326950083438592568171492659211641792018,9128554895262573187,7688103921426016835,433247081383711707,55585189002303152705676955033735962873,True,False
S16,5,18,FIT,291469287178724625445566511420437240320,326950083438592568171492659211641792018,9128554895262573187,7688103921426016835,433247081383711707,55585189002303152705676955033735962873,True,False
S16,5,19,FIT,291469287178724625445566511420437240320,326950083438592568171492659211641792018,9128554895262573187,7688103921426016835,433247081383711707,55585189002303152705676955033735962873,True,False
S16,5,20,TEST,291469287178724625445566511420437240320,326950083438592568171492659211641792018,9128554895262573187,7688103921426016835,433247081383711707,55585189002303152705676955033735962873,True,False
S16,5,21,VALIDATION,291469287178724625445566511420437240320,326950083438592568171492659211641792018,9128554895262573187,7688103921426016835,433247081383711707,55585189002303152705676955033735962873,True,False
S16,5,22,VALIDATION,291469287178724625445566511420437240320,326950083438592568171492659211641792018,9128554895262573187,7688103921426016835,433247081383711707,55585189002303152705676955033735962873,True,False
S16,5,23,TEST,291469287178724625445566511420437240320,326950083438592568171492659211641792018,9128554895262573187,7688103921426016835,433247081383711707,55585189002303152705676955033735962873,True,False
S16,5,24,TEST,291469287178724625445566511420437240320,326950083438592568171492659211641792018,9128554895262573187,7688103921426016835,433247081383711707,55585189002303152705676955033735962873,True,False
S16,5,25,FIT,291469287178724625445566511420437240320,326950083438592568171492659211641792018,9128554895262573187,7688103921426016835,433247081383711707,55585189002303152705676955033735962873,True,False
S16,5,26,FIT,291469287178724625445566511420437240320,326950083438592568171492659211641792018,9128554895262573187,7688103921426016835,433247081383711707,55585189002303152705676955033735962873,True,False
S16,5,27,FIT,291469287178724625445566511420437240320,326950083438592568171492659211641792018,9128554895262573187,7688103921426016835,433247081383711707,55585189002303152705676955033735962873,True,False
S16,5,28,FIT,291469287178724625445566511420437240320,326950083438592568171492659211641792018,9128554895262573187,7688103921426016835,433247081383711707,55585189002303152705676955033735962873,True,False
S16,5,29,FIT,291469287178724625445566511420437240320,326950083438592568171492659211641792018,9128554895262573187,7688103921426016835,433247081383711707,55585189002303152705676955033735962873,True,False
S16,5,30,FIT,291469287178724625445566511420437240320,326950083438592568171492659211641792018,9128554895262573187,7688103921426016835,433247081383711707,55585189002303152705676955033735962873,True,False
S16,5,31,FIT,291469287178724625445566511420437240320,326950083438592568171492659211641792018,9128554895262573187,7688103921426016835,433247081383711707,55585189002303152705676955033735962873,True,False
S16,5,32,VALIDATION,291469287178724625445566511420437240320,326950083438592568171492659211641792018,9128554895262573187,7688103921426016835,433247081383711707,55585189002303152705676955033735962873,True,False
S16,5,33,FIT,291469287178724625445566511420437240320,326950083438592568171492659211641792018,9128554895262573187,7688103921426016835,433247081383711707,55585189002303152705676955033735962873,True,False
S16,5,34,FIT,291469287178724625445566511420437240320,326950083438592568171492659211641792018,9128554895262573187,7688103921426016835,433247081383711707,55585189002303152705676955033735962873,True,False
S16,5,35,FIT,291469287178724625445566511420437240320,326950083438592568171492659211641792018,9128554895262573187,7688103921426016835,433247081383711707,55585189002303152705676955033735962873,True,False
S16,5,36,TEST,291469287178724625445566511420437240320,326950083438592568171492659211641792018,9128554895262573187,7688103921426016835,433247081383711707,55585189002303152705676955033735962873,True,False
S16,5,37,TEST,291469287178724625445566511420437240320,326950083438592568171492659211641792018,9128554895262573187,7688103921426016835,433247081383711707,55585189002303152705676955033735962873,True,False
S16,5,38,FIT,291469287178724625445566511420437240320,326950083438592568171492659211641792018,9128554895262573187,7688103921426016835,433247081383711707,55585189002303152705676955033735962873,True,False
S16,5,39,VALIDATION,291469287178724625445566511420437240320,326950083438592568171492659211641792018,9128554895262573187,7688103921426016835,433247081383711707,55585189002303152705676955033735962873,True,False
S16,5,40,VALIDATION,291469287178724625445566511420437240320,326950083438592568171492659211641792018,9128554895262573187,7688103921426016835,433247081383711707,55585189002303152705676955033735962873,True,False
S16,5,41,FIT,291469287178724625445566511420437240320,326950083438592568171492659211641792018,9128554895262573187,7688103921426016835,433247081383711707,55585189002303152705676955033735962873,True,False
S16,5,42,FIT,291469287178724625445566511420437240320,326950083438592568171492659211641792018,9128554895262573187,7688103921426016835,433247081383711707,55585189002303152705676955033735962873,True,False
S16,5,43,FIT,291469287178724625445566511420437240320,326950083438592568171492659211641792018,9128554895262573187,7688103921426016835,433247081383711707,55585189002303152705676955033735962873,True,False
S16,5,44,TEST,291469287178724625445566511420437240320,326950083438592568171492659211641792018,9128554895262573187,7688103921426016835,433247081383711707,55585189002303152705676955033735962873,True,False
S16,5,45,VALIDATION,291469287178724625445566511420437240320,326950083438592568171492659211641792018,9128554895262573187,7688103921426016835,433247081383711707,55585189002303152705676955033735962873,True,False
S16,5,46,VALIDATION,291469287178724625445566511420437240320,326950083438592568171492659211641792018,9128554895262573187,7688103921426016835,433247081383711707,55585189002303152705676955033735962873,True,False
S16,5,47,FIT,291469287178724625445566511420437240320,326950083438592568171492659211641792018,9128554895262573187,7688103921426016835,433247081383711707,55585189002303152705676955033735962873,True,False
S16,5,48,FIT,291469287178724625445566511420437240320,326950083438592568171492659211641792018,9128554895262573187,7688103921426016835,433247081383711707,55585189002303152705676955033735962873,True,False
S16,5,49,FIT,291469287178724625445566511420437240320,326950083438592568171492659211641792018,9128554895262573187,7688103921426016835,433247081383711707,55585189002303152705676955033735962873,True,False
S16,5,50,TEST,291469287178724625445566511420437240320,326950083438592568171492659211641792018,9128554895262573187,7688103921426016835,433247081383711707,55585189002303152705676955033735962873,True,False
S16,5,51,TEST,291469287178724625445566511420437240320,326950083438592568171492659211641792018,9128554895262573187,7688103921426016835,433247081383711707,55585189002303152705676955033735962873,True,False
S16,5,52,VALIDATION,291469287178724625445566511420437240320,326950083438592568171492659211641792018,9128554895262573187,7688103921426016835,433247081383711707,55585189002303152705676955033735962873,True,False
S16,5,53,FIT,291469287178724625445566511420437240320,326950083438592568171492659211641792018,9128554895262573187,7688103921426016835,433247081383711707,55585189002303152705676955033735962873,True,False
S16,5,54,FIT,291469287178724625445566511420437240320,326950083438592568171492659211641792018,9128554895262573187,7688103921426016835,433247081383711707,55585189002303152705676955033735962873,True,False
S16,5,55,VALIDATION,291469287178724625445566511420437240320,326950083438592568171492659211641792018,9128554895262573187,7688103921426016835,433247081383711707,55585189002303152705676955033735962873,True,False
S16,5,56,FIT,291469287178724625445566511420437240320,326950083438592568171492659211641792018,9128554895262573187,7688103921426016835,433247081383711707,55585189002303152705676955033735962873,True,False
S16,5,57,FIT,291469287178724625445566511420437240320,326950083438592568171492659211641792018,9128554895262573187,7688103921426016835,433247081383711707,55585189002303152705676955033735962873,True,False
S16,5,58,VALIDATION,291469287178724625445566511420437240320,326950083438592568171492659211641792018,9128554895262573187,7688103921426016835,433247081383711707,55585189002303152705676955033735962873,True,False
S16,5,59,FIT,291469287178724625445566511420437240320,326950083438592568171492659211641792018,9128554895262573187,7688103921426016835,433247081383711707,55585189002303152705676955033735962873,True,False
S16,5,60,FIT,291469287178724625445566511420437240320,326950083438592568171492659211641792018,9128554895262573187,7688103921426016835,433247081383711707,55585189002303152705676955033735962873,True,False
S16,5,61,FIT,291469287178724625445566511420437240320,326950083438592568171492659211641792018,9128554895262573187,7688103921426016835,433247081383711707,55585189002303152705676955033735962873,True,False
S16,5,62,FIT,291469287178724625445566511420437240320,326950083438592568171492659211641792018,9128554895262573187,7688103921426016835,433247081383711707,55585189002303152705676955033735962873,True,False
S16,5,63,FIT,291469287178724625445566511420437240320,326950083438592568171492659211641792018,9128554895262573187,7688103921426016835,433247081383711707,55585189002303152705676955033735962873,True,False
S16,5,64,FIT,291469287178724625445566511420437240320,326950083438592568171492659211641792018,9128554895262573187,7688103921426016835,433247081383711707,55585189002303152705676955033735962873,True,False
S16,5,65,FIT,291469287178724625445566511420437240320,326950083438592568171492659211641792018,9128554895262573187,7688103921426016835,433247081383711707,55585189002303152705676955033735962873,True,False
S16,5,66,TEST,291469287178724625445566511420437240320,326950083438592568171492659211641792018,9128554895262573187,7688103921426016835,433247081383711707,55585189002303152705676955033735962873,True,False
S16,5,67,TEST,291469287178724625445566511420437240320,326950083438592568171492659211641792018,9128554895262573187,7688103921426016835,433247081383711707,55585189002303152705676955033735962873,True,False
S16,5,68,FIT,291469287178724625445566511420437240320,326950083438592568171492659211641792018,9128554895262573187,7688103921426016835,433247081383711707,55585189002303152705676955033735962873,True,False
S16,5,69,FIT,291469287178724625445566511420437240320,326950083438592568171492659211641792018,9128554895262573187,7688103921426016835,433247081383711707,55585189002303152705676955033735962873,True,False
S16,5,70,TEST,291469287178724625445566511420437240320,326950083438592568171492659211641792018,9128554895262573187,7688103921426016835,433247081383711707,55585189002303152705676955033735962873,True,False
S16,5,71,FIT,291469287178724625445566511420437240320,326950083438592568171492659211641792018,9128554895262573187,7688103921426016835,433247081383711707,55585189002303152705676955033735962873,True,False
S16,5,72,FIT,291469287178724625445566511420437240320,326950083438592568171492659211641792018,9128554895262573187,7688103921426016835,433247081383711707,55585189002303152705676955033735962873,True,False
S16,5,73,FIT,291469287178724625445566511420437240320,326950083438592568171492659211641792018,9128554895262573187,7688103921426016835,433247081383711707,55585189002303152705676955033735962873,True,False
S16,5,74,FIT,291469287178724625445566511420437240320,326950083438592568171492659211641792018,9128554895262573187,7688103921426016835,433247081383711707,55585189002303152705676955033735962873,True,False
S16,5,75,FIT,291469287178724625445566511420437240320,326950083438592568171492659211641792018,9128554895262573187,7688103921426016835,433247081383711707,55585189002303152705676955033735962873,True,False
S16,5,76,VALIDATION,291469287178724625445566511420437240320,326950083438592568171492659211641792018,9128554895262573187,7688103921426016835,433247081383711707,55585189002303152705676955033735962873,True,False
S16,5,77,FIT,291469287178724625445566511420437240320,326950083438592568171492659211641792018,9128554895262573187,7688103921426016835,433247081383711707,55585189002303152705676955033735962873,True,False
S16,5,78,FIT,291469287178724625445566511420437240320,326950083438592568171492659211641792018,9128554895262573187,7688103921426016835,433247081383711707,55585189002303152705676955033735962873,True,False
S16,5,79,VALIDATION,291469287178724625445566511420437240320,326950083438592568171492659211641792018,9128554895262573187,7688103921426016835,433247081383711707,55585189002303152705676955033735962873,True,False
S16,5,80,FIT,291469287178724625445566511420437240320,326950083438592568171492659211641792018,9128554895262573187,7688103921426016835,433247081383711707,55585189002303152705676955033735962873,True,False
S16,5,81,FIT,291469287178724625445566511420437240320,326950083438592568171492659211641792018,9128554895262573187,7688103921426016835,433247081383711707,55585189002303152705676955033735962873,True,False
S16,5,82,FIT,291469287178724625445566511420437240320,326950083438592568171492659211641792018,9128554895262573187,7688103921426016835,433247081383711707,55585189002303152705676955033735962873,True,False
S16,5,83,TEST,291469287178724625445566511420437240320,326950083438592568171492659211641792018,9128554895262573187,7688103921426016835,433247081383711707,55585189002303152705676955033735962873,True,False
S16,5,84,TEST,291469287178724625445566511420437240320,326950083438592568171492659211641792018,9128554895262573187,7688103921426016835,433247081383711707,55585189002303152705676955033735962873,True,False
S16,5,85,FIT,291469287178724625445566511420437240320,326950083438592568171492659211641792018,9128554895262573187,7688103921426016835,433247081383711707,55585189002303152705676955033735962873,True,False
S16,5,86,TEST,291469287178724625445566511420437240320,326950083438592568171492659211641792018,9128554895262573187,7688103921426016835,433247081383711707,55585189002303152705676955033735962873,True,False
S16,5,87,FIT,291469287178724625445566511420437240320,326950083438592568171492659211641792018,9128554895262573187,7688103921426016835,433247081383711707,55585189002303152705676955033735962873,True,False
S16,5,88,FIT,291469287178724625445566511420437240320,326950083438592568171492659211641792018,9128554895262573187,7688103921426016835,433247081383711707,55585189002303152705676955033735962873,True,False
S16,5,89,FIT,291469287178724625445566511420437240320,326950083438592568171492659211641792018,9128554895262573187,7688103921426016835,433247081383711707,55585189002303152705676955033735962873,True,False
S16,5,90,FIT,291469287178724625445566511420437240320,326950083438592568171492659211641792018,9128554895262573187,7688103921426016835,433247081383711707,55585189002303152705676955033735962873,True,False
S16,5,91,FIT,291469287178724625445566511420437240320,326950083438592568171492659211641792018,9128554895262573187,7688103921426016835,433247081383711707,55585189002303152705676955033735962873,True,False
S16,5,92,TEST,291469287178724625445566511420437240320,326950083438592568171492659211641792018,9128554895262573187,7688103921426016835,433247081383711707,55585189002303152705676955033735962873,True,False
S16,5,93,TEST,291469287178724625445566511420437240320,326950083438592568171492659211641792018,9128554895262573187,7688103921426016835,433247081383711707,55585189002303152705676955033735962873,True,False
S16,5,94,FIT,291469287178724625445566511420437240320,326950083438592568171492659211641792018,9128554895262573187,7688103921426016835,433247081383711707,55585189002303152705676955033735962873,True,False
S16,5,95,FIT,291469287178724625445566511420437240320,326950083438592568171492659211641792018,9128554895262573187,7688103921426016835,433247081383711707,55585189002303152705676955033735962873,True,False
S16,5,96,FIT,291469287178724625445566511420437240320,326950083438592568171492659211641792018,9128554895262573187,7688103921426016835,433247081383711707,55585189002303152705676955033735962873,True,False
S16,5,97,FIT,291469287178724625445566511420437240320,326950083438592568171492659211641792018,9128554895262573187,7688103921426016835,433247081383711707,55585189002303152705676955033735962873,True,False
S16,5,98,FIT,291469287178724625445566511420437240320,326950083438592568171492659211641792018,9128554895262573187,7688103921426016835,433247081383711707,55585189002303152705676955033735962873,True,False
S16,5,99,FIT,291469287178724625445566511420437240320,326950083438592568171492659211641792018,9128554895262573187,7688103921426016835,433247081383711707,55585189002303152705676955033735962873,True,False
S16,6,0,FIT,108158061746666220549588529376714765946,318371691886028492246861505036488664721,8922864366366462512,3043363886804199650,1608829851389901726,128395314362936847205750328212970729789,True,False
S16,6,1,TEST,108158061746666220549588529376714765946,318371691886028492246861505036488664721,8922864366366462512,3043363886804199650,1608829851389901726,128395314362936847205750328212970729789,True,False
S16,6,2,TEST,108158061746666220549588529376714765946,318371691886028492246861505036488664721,8922864366366462512,3043363886804199650,1608829851389901726,128395314362936847205750328212970729789,True,False
S16,6,3,FIT,108158061746666220549588529376714765946,318371691886028492246861505036488664721,8922864366366462512,3043363886804199650,1608829851389901726,128395314362936847205750328212970729789,True,False
S16,6,4,VALIDATION,108158061746666220549588529376714765946,318371691886028492246861505036488664721,8922864366366462512,3043363886804199650,1608829851389901726,128395314362936847205750328212970729789,True,False
S16,6,5,TEST,108158061746666220549588529376714765946,318371691886028492246861505036488664721,8922864366366462512,3043363886804199650,1608829851389901726,128395314362936847205750328212970729789,True,False
S16,6,6,TEST,108158061746666220549588529376714765946,318371691886028492246861505036488664721,8922864366366462512,3043363886804199650,1608829851389901726,128395314362936847205750328212970729789,True,False
S16,6,7,VALIDATION,108158061746666220549588529376714765946,318371691886028492246861505036488664721,8922864366366462512,3043363886804199650,1608829851389901726,128395314362936847205750328212970729789,True,False
S16,6,8,FIT,108158061746666220549588529376714765946,318371691886028492246861505036488664721,8922864366366462512,3043363886804199650,1608829851389901726,128395314362936847205750328212970729789,True,False
S16,6,9,VALIDATION,108158061746666220549588529376714765946,318371691886028492246861505036488664721,8922864366366462512,3043363886804199650,1608829851389901726,128395314362936847205750328212970729789,True,False
S16,6,10,FIT,108158061746666220549588529376714765946,318371691886028492246861505036488664721,8922864366366462512,3043363886804199650,1608829851389901726,128395314362936847205750328212970729789,True,False
S16,6,11,FIT,108158061746666220549588529376714765946,318371691886028492246861505036488664721,8922864366366462512,3043363886804199650,1608829851389901726,128395314362936847205750328212970729789,True,False
S16,6,12,FIT,108158061746666220549588529376714765946,318371691886028492246861505036488664721,8922864366366462512,3043363886804199650,1608829851389901726,128395314362936847205750328212970729789,True,False
S16,6,13,FIT,108158061746666220549588529376714765946,318371691886028492246861505036488664721,8922864366366462512,3043363886804199650,1608829851389901726,128395314362936847205750328212970729789,True,False
S16,6,14,VALIDATION,108158061746666220549588529376714765946,318371691886028492246861505036488664721,8922864366366462512,3043363886804199650,1608829851389901726,128395314362936847205750328212970729789,True,False
S16,6,15,FIT,108158061746666220549588529376714765946,318371691886028492246861505036488664721,8922864366366462512,3043363886804199650,1608829851389901726,128395314362936847205750328212970729789,True,False
S16,6,16,FIT,108158061746666220549588529376714765946,318371691886028492246861505036488664721,8922864366366462512,3043363886804199650,1608829851389901726,128395314362936847205750328212970729789,True,False
S16,6,17,FIT,108158061746666220549588529376714765946,318371691886028492246861505036488664721,8922864366366462512,3043363886804199650,1608829851389901726,128395314362936847205750328212970729789,True,False
S16,6,18,FIT,108158061746666220549588529376714765946,318371691886028492246861505036488664721,8922864366366462512,3043363886804199650,1608829851389901726,128395314362936847205750328212970729789,True,False
S16,6,19,VALIDATION,108158061746666220549588529376714765946,318371691886028492246861505036488664721,8922864366366462512,3043363886804199650,1608829851389901726,128395314362936847205750328212970729789,True,False
S16,6,20,FIT,108158061746666220549588529376714765946,318371691886028492246861505036488664721,8922864366366462512,3043363886804199650,1608829851389901726,128395314362936847205750328212970729789,True,False
S16,6,21,FIT,108158061746666220549588529376714765946,318371691886028492246861505036488664721,8922864366366462512,3043363886804199650,1608829851389901726,128395314362936847205750328212970729789,True,False
S16,6,22,FIT,108158061746666220549588529376714765946,318371691886028492246861505036488664721,8922864366366462512,3043363886804199650,1608829851389901726,128395314362936847205750328212970729789,True,False
S16,6,23,FIT,108158061746666220549588529376714765946,318371691886028492246861505036488664721,8922864366366462512,3043363886804199650,1608829851389901726,128395314362936847205750328212970729789,True,False
S16,6,24,VALIDATION,108158061746666220549588529376714765946,318371691886028492246861505036488664721,8922864366366462512,3043363886804199650,1608829851389901726,128395314362936847205750328212970729789,True,False
S16,6,25,FIT,108158061746666220549588529376714765946,318371691886028492246861505036488664721,8922864366366462512,3043363886804199650,1608829851389901726,128395314362936847205750328212970729789,True,False
S16,6,26,FIT,108158061746666220549588529376714765946,318371691886028492246861505036488664721,8922864366366462512,3043363886804199650,1608829851389901726,128395314362936847205750328212970729789,True,False
S16,6,27,TEST,108158061746666220549588529376714765946,318371691886028492246861505036488664721,8922864366366462512,3043363886804199650,1608829851389901726,128395314362936847205750328212970729789,True,False
S16,6,28,FIT,108158061746666220549588529376714765946,318371691886028492246861505036488664721,8922864366366462512,3043363886804199650,1608829851389901726,128395314362936847205750328212970729789,True,False
S16,6,29,FIT,108158061746666220549588529376714765946,318371691886028492246861505036488664721,8922864366366462512,3043363886804199650,1608829851389901726,128395314362936847205750328212970729789,True,False
S16,6,30,FIT,108158061746666220549588529376714765946,318371691886028492246861505036488664721,8922864366366462512,3043363886804199650,1608829851389901726,128395314362936847205750328212970729789,True,False
S16,6,31,FIT,108158061746666220549588529376714765946,318371691886028492246861505036488664721,8922864366366462512,3043363886804199650,1608829851389901726,128395314362936847205750328212970729789,True,False
S16,6,32,TEST,108158061746666220549588529376714765946,318371691886028492246861505036488664721,8922864366366462512,3043363886804199650,1608829851389901726,128395314362936847205750328212970729789,True,False
S16,6,33,FIT,108158061746666220549588529376714765946,318371691886028492246861505036488664721,8922864366366462512,3043363886804199650,1608829851389901726,128395314362936847205750328212970729789,True,False
S16,6,34,FIT,108158061746666220549588529376714765946,318371691886028492246861505036488664721,8922864366366462512,3043363886804199650,1608829851389901726,128395314362936847205750328212970729789,True,False
S16,6,35,VALIDATION,108158061746666220549588529376714765946,318371691886028492246861505036488664721,8922864366366462512,3043363886804199650,1608829851389901726,128395314362936847205750328212970729789,True,False
S16,6,36,FIT,108158061746666220549588529376714765946,318371691886028492246861505036488664721,8922864366366462512,3043363886804199650,1608829851389901726,128395314362936847205750328212970729789,True,False
S16,6,37,FIT,108158061746666220549588529376714765946,318371691886028492246861505036488664721,8922864366366462512,3043363886804199650,1608829851389901726,128395314362936847205750328212970729789,True,False
S16,6,38,TEST,108158061746666220549588529376714765946,318371691886028492246861505036488664721,8922864366366462512,3043363886804199650,1608829851389901726,128395314362936847205750328212970729789,True,False
S16,6,39,TEST,108158061746666220549588529376714765946,318371691886028492246861505036488664721,8922864366366462512,3043363886804199650,1608829851389901726,128395314362936847205750328212970729789,True,False
S16,6,40,TEST,108158061746666220549588529376714765946,318371691886028492246861505036488664721,8922864366366462512,3043363886804199650,1608829851389901726,128395314362936847205750328212970729789,True,False
S16,6,41,FIT,108158061746666220549588529376714765946,318371691886028492246861505036488664721,8922864366366462512,3043363886804199650,1608829851389901726,128395314362936847205750328212970729789,True,False
S16,6,42,FIT,108158061746666220549588529376714765946,318371691886028492246861505036488664721,8922864366366462512,3043363886804199650,1608829851389901726,128395314362936847205750328212970729789,True,False
S16,6,43,FIT,108158061746666220549588529376714765946,318371691886028492246861505036488664721,8922864366366462512,3043363886804199650,1608829851389901726,128395314362936847205750328212970729789,True,False
S16,6,44,FIT,108158061746666220549588529376714765946,318371691886028492246861505036488664721,8922864366366462512,3043363886804199650,1608829851389901726,128395314362936847205750328212970729789,True,False
S16,6,45,FIT,108158061746666220549588529376714765946,318371691886028492246861505036488664721,8922864366366462512,3043363886804199650,1608829851389901726,128395314362936847205750328212970729789,True,False
S16,6,46,FIT,108158061746666220549588529376714765946,318371691886028492246861505036488664721,8922864366366462512,3043363886804199650,1608829851389901726,128395314362936847205750328212970729789,True,False
S16,6,47,FIT,108158061746666220549588529376714765946,318371691886028492246861505036488664721,8922864366366462512,3043363886804199650,1608829851389901726,128395314362936847205750328212970729789,True,False
S16,6,48,FIT,108158061746666220549588529376714765946,318371691886028492246861505036488664721,8922864366366462512,3043363886804199650,1608829851389901726,128395314362936847205750328212970729789,True,False
S16,6,49,FIT,108158061746666220549588529376714765946,318371691886028492246861505036488664721,8922864366366462512,3043363886804199650,1608829851389901726,128395314362936847205750328212970729789,True,False
S16,6,50,FIT,108158061746666220549588529376714765946,318371691886028492246861505036488664721,8922864366366462512,3043363886804199650,1608829851389901726,128395314362936847205750328212970729789,True,False
S16,6,51,VALIDATION,108158061746666220549588529376714765946,318371691886028492246861505036488664721,8922864366366462512,3043363886804199650,1608829851389901726,128395314362936847205750328212970729789,True,False
S16,6,52,FIT,108158061746666220549588529376714765946,318371691886028492246861505036488664721,8922864366366462512,3043363886804199650,1608829851389901726,128395314362936847205750328212970729789,True,False
S16,6,53,FIT,108158061746666220549588529376714765946,318371691886028492246861505036488664721,8922864366366462512,3043363886804199650,1608829851389901726,128395314362936847205750328212970729789,True,False
S16,6,54,FIT,108158061746666220549588529376714765946,318371691886028492246861505036488664721,8922864366366462512,3043363886804199650,1608829851389901726,128395314362936847205750328212970729789,True,False
S16,6,55,FIT,108158061746666220549588529376714765946,318371691886028492246861505036488664721,8922864366366462512,3043363886804199650,1608829851389901726,128395314362936847205750328212970729789,True,False
S16,6,56,FIT,108158061746666220549588529376714765946,318371691886028492246861505036488664721,8922864366366462512,3043363886804199650,1608829851389901726,128395314362936847205750328212970729789,True,False
S16,6,57,VALIDATION,108158061746666220549588529376714765946,318371691886028492246861505036488664721,8922864366366462512,3043363886804199650,1608829851389901726,128395314362936847205750328212970729789,True,False
S16,6,58,FIT,108158061746666220549588529376714765946,318371691886028492246861505036488664721,8922864366366462512,3043363886804199650,1608829851389901726,128395314362936847205750328212970729789,True,False
S16,6,59,FIT,108158061746666220549588529376714765946,318371691886028492246861505036488664721,8922864366366462512,3043363886804199650,1608829851389901726,128395314362936847205750328212970729789,True,False
S16,6,60,TEST,108158061746666220549588529376714765946,318371691886028492246861505036488664721,8922864366366462512,3043363886804199650,1608829851389901726,128395314362936847205750328212970729789,True,False
S16,6,61,FIT,108158061746666220549588529376714765946,318371691886028492246861505036488664721,8922864366366462512,3043363886804199650,1608829851389901726,128395314362936847205750328212970729789,True,False
S16,6,62,VALIDATION,108158061746666220549588529376714765946,318371691886028492246861505036488664721,8922864366366462512,3043363886804199650,1608829851389901726,128395314362936847205750328212970729789,True,False
S16,6,63,FIT,108158061746666220549588529376714765946,318371691886028492246861505036488664721,8922864366366462512,3043363886804199650,1608829851389901726,128395314362936847205750328212970729789,True,False
S16,6,64,FIT,108158061746666220549588529376714765946,318371691886028492246861505036488664721,8922864366366462512,3043363886804199650,1608829851389901726,128395314362936847205750328212970729789,True,False
S16,6,65,VALIDATION,108158061746666220549588529376714765946,318371691886028492246861505036488664721,8922864366366462512,3043363886804199650,1608829851389901726,128395314362936847205750328212970729789,True,False
S16,6,66,FIT,108158061746666220549588529376714765946,318371691886028492246861505036488664721,8922864366366462512,3043363886804199650,1608829851389901726,128395314362936847205750328212970729789,True,False
S16,6,67,TEST,108158061746666220549588529376714765946,318371691886028492246861505036488664721,8922864366366462512,3043363886804199650,1608829851389901726,128395314362936847205750328212970729789,True,False
S16,6,68,FIT,108158061746666220549588529376714765946,318371691886028492246861505036488664721,8922864366366462512,3043363886804199650,1608829851389901726,128395314362936847205750328212970729789,True,False
S16,6,69,TEST,108158061746666220549588529376714765946,318371691886028492246861505036488664721,8922864366366462512,3043363886804199650,1608829851389901726,128395314362936847205750328212970729789,True,False
S16,6,70,VALIDATION,108158061746666220549588529376714765946,318371691886028492246861505036488664721,8922864366366462512,3043363886804199650,1608829851389901726,128395314362936847205750328212970729789,True,False
S16,6,71,FIT,108158061746666220549588529376714765946,318371691886028492246861505036488664721,8922864366366462512,3043363886804199650,1608829851389901726,128395314362936847205750328212970729789,True,False
S16,6,72,VALIDATION,108158061746666220549588529376714765946,318371691886028492246861505036488664721,8922864366366462512,3043363886804199650,1608829851389901726,128395314362936847205750328212970729789,True,False
S16,6,73,TEST,108158061746666220549588529376714765946,318371691886028492246861505036488664721,8922864366366462512,3043363886804199650,1608829851389901726,128395314362936847205750328212970729789,True,False
S16,6,74,FIT,108158061746666220549588529376714765946,318371691886028492246861505036488664721,8922864366366462512,3043363886804199650,1608829851389901726,128395314362936847205750328212970729789,True,False
S16,6,75,FIT,108158061746666220549588529376714765946,318371691886028492246861505036488664721,8922864366366462512,3043363886804199650,1608829851389901726,128395314362936847205750328212970729789,True,False
S16,6,76,VALIDATION,108158061746666220549588529376714765946,318371691886028492246861505036488664721,8922864366366462512,3043363886804199650,1608829851389901726,128395314362936847205750328212970729789,True,False
S16,6,77,FIT,108158061746666220549588529376714765946,318371691886028492246861505036488664721,8922864366366462512,3043363886804199650,1608829851389901726,128395314362936847205750328212970729789,True,False
S16,6,78,FIT,108158061746666220549588529376714765946,318371691886028492246861505036488664721,8922864366366462512,3043363886804199650,1608829851389901726,128395314362936847205750328212970729789,True,False
S16,6,79,TEST,108158061746666220549588529376714765946,318371691886028492246861505036488664721,8922864366366462512,3043363886804199650,1608829851389901726,128395314362936847205750328212970729789,True,False
S16,6,80,FIT,108158061746666220549588529376714765946,318371691886028492246861505036488664721,8922864366366462512,3043363886804199650,1608829851389901726,128395314362936847205750328212970729789,True,False
S16,6,81,FIT,108158061746666220549588529376714765946,318371691886028492246861505036488664721,8922864366366462512,3043363886804199650,1608829851389901726,128395314362936847205750328212970729789,True,False
S16,6,82,TEST,108158061746666220549588529376714765946,318371691886028492246861505036488664721,8922864366366462512,3043363886804199650,1608829851389901726,128395314362936847205750328212970729789,True,False
S16,6,83,FIT,108158061746666220549588529376714765946,318371691886028492246861505036488664721,8922864366366462512,3043363886804199650,1608829851389901726,128395314362936847205750328212970729789,True,False
S16,6,84,TEST,108158061746666220549588529376714765946,318371691886028492246861505036488664721,8922864366366462512,3043363886804199650,1608829851389901726,128395314362936847205750328212970729789,True,False
S16,6,85,VALIDATION,108158061746666220549588529376714765946,318371691886028492246861505036488664721,8922864366366462512,3043363886804199650,1608829851389901726,128395314362936847205750328212970729789,True,False
S16,6,86,TEST,108158061746666220549588529376714765946,318371691886028492246861505036488664721,8922864366366462512,3043363886804199650,1608829851389901726,128395314362936847205750328212970729789,True,False
S16,6,87,FIT,108158061746666220549588529376714765946,318371691886028492246861505036488664721,8922864366366462512,3043363886804199650,1608829851389901726,128395314362936847205750328212970729789,True,False
S16,6,88,FIT,108158061746666220549588529376714765946,318371691886028492246861505036488664721,8922864366366462512,3043363886804199650,1608829851389901726,128395314362936847205750328212970729789,True,False
S16,6,89,FIT,108158061746666220549588529376714765946,318371691886028492246861505036488664721,8922864366366462512,3043363886804199650,1608829851389901726,128395314362936847205750328212970729789,True,False
S16,6,90,FIT,108158061746666220549588529376714765946,318371691886028492246861505036488664721,8922864366366462512,3043363886804199650,1608829851389901726,128395314362936847205750328212970729789,True,False
S16,6,91,TEST,108158061746666220549588529376714765946,318371691886028492246861505036488664721,8922864366366462512,3043363886804199650,1608829851389901726,128395314362936847205750328212970729789,True,False
S16,6,92,FIT,108158061746666220549588529376714765946,318371691886028492246861505036488664721,8922864366366462512,3043363886804199650,1608829851389901726,128395314362936847205750328212970729789,True,False
S16,6,93,TEST,108158061746666220549588529376714765946,318371691886028492246861505036488664721,8922864366366462512,3043363886804199650,1608829851389901726,128395314362936847205750328212970729789,True,False
S16,6,94,FIT,108158061746666220549588529376714765946,318371691886028492246861505036488664721,8922864366366462512,3043363886804199650,1608829851389901726,128395314362936847205750328212970729789,True,False
S16,6,95,FIT,108158061746666220549588529376714765946,318371691886028492246861505036488664721,8922864366366462512,3043363886804199650,1608829851389901726,128395314362936847205750328212970729789,True,False
S16,6,96,VALIDATION,108158061746666220549588529376714765946,318371691886028492246861505036488664721,8922864366366462512,3043363886804199650,1608829851389901726,128395314362936847205750328212970729789,True,False
S16,6,97,FIT,108158061746666220549588529376714765946,318371691886028492246861505036488664721,8922864366366462512,3043363886804199650,1608829851389901726,128395314362936847205750328212970729789,True,False
S16,6,98,FIT,108158061746666220549588529376714765946,318371691886028492246861505036488664721,8922864366366462512,3043363886804199650,1608829851389901726,128395314362936847205750328212970729789,True,False
S16,6,99,TEST,108158061746666220549588529376714765946,318371691886028492246861505036488664721,8922864366366462512,3043363886804199650,1608829851389901726,128395314362936847205750328212970729789,True,False
S16,7,0,FIT,25585842203429224133277973671649542595,210927038201908029084961200806625384850,5166384515415971255,1628665371364420822,3142001315606405602,296629258890183919181691482788622527478,True,False
S16,7,1,VALIDATION,25585842203429224133277973671649542595,210927038201908029084961200806625384850,5166384515415971255,1628665371364420822,3142001315606405602,296629258890183919181691482788622527478,True,False
S16,7,2,FIT,25585842203429224133277973671649542595,210927038201908029084961200806625384850,5166384515415971255,1628665371364420822,3142001315606405602,296629258890183919181691482788622527478,True,False
S16,7,3,FIT,25585842203429224133277973671649542595,210927038201908029084961200806625384850,5166384515415971255,1628665371364420822,3142001315606405602,296629258890183919181691482788622527478,True,False
S16,7,4,FIT,25585842203429224133277973671649542595,210927038201908029084961200806625384850,5166384515415971255,1628665371364420822,3142001315606405602,296629258890183919181691482788622527478,True,False
S16,7,5,FIT,25585842203429224133277973671649542595,210927038201908029084961200806625384850,5166384515415971255,1628665371364420822,3142001315606405602,296629258890183919181691482788622527478,True,False
S16,7,6,FIT,25585842203429224133277973671649542595,210927038201908029084961200806625384850,5166384515415971255,1628665371364420822,3142001315606405602,296629258890183919181691482788622527478,True,False
S16,7,7,FIT,25585842203429224133277973671649542595,210927038201908029084961200806625384850,5166384515415971255,1628665371364420822,3142001315606405602,296629258890183919181691482788622527478,True,False
S16,7,8,FIT,25585842203429224133277973671649542595,210927038201908029084961200806625384850,5166384515415971255,1628665371364420822,3142001315606405602,296629258890183919181691482788622527478,True,False
S16,7,9,FIT,25585842203429224133277973671649542595,210927038201908029084961200806625384850,5166384515415971255,1628665371364420822,3142001315606405602,296629258890183919181691482788622527478,True,False
S16,7,10,VALIDATION,25585842203429224133277973671649542595,210927038201908029084961200806625384850,5166384515415971255,1628665371364420822,3142001315606405602,296629258890183919181691482788622527478,True,False
S16,7,11,FIT,25585842203429224133277973671649542595,210927038201908029084961200806625384850,5166384515415971255,1628665371364420822,3142001315606405602,296629258890183919181691482788622527478,True,False
S16,7,12,VALIDATION,25585842203429224133277973671649542595,210927038201908029084961200806625384850,5166384515415971255,1628665371364420822,3142001315606405602,296629258890183919181691482788622527478,True,False
S16,7,13,TEST,25585842203429224133277973671649542595,210927038201908029084961200806625384850,5166384515415971255,1628665371364420822,3142001315606405602,296629258890183919181691482788622527478,True,False
S16,7,14,FIT,25585842203429224133277973671649542595,210927038201908029084961200806625384850,5166384515415971255,1628665371364420822,3142001315606405602,296629258890183919181691482788622527478,True,False
S16,7,15,FIT,25585842203429224133277973671649542595,210927038201908029084961200806625384850,5166384515415971255,1628665371364420822,3142001315606405602,296629258890183919181691482788622527478,True,False
S16,7,16,FIT,25585842203429224133277973671649542595,210927038201908029084961200806625384850,5166384515415971255,1628665371364420822,3142001315606405602,296629258890183919181691482788622527478,True,False
S16,7,17,FIT,25585842203429224133277973671649542595,210927038201908029084961200806625384850,5166384515415971255,1628665371364420822,3142001315606405602,296629258890183919181691482788622527478,True,False
S16,7,18,FIT,25585842203429224133277973671649542595,210927038201908029084961200806625384850,5166384515415971255,1628665371364420822,3142001315606405602,296629258890183919181691482788622527478,True,False
S16,7,19,FIT,25585842203429224133277973671649542595,210927038201908029084961200806625384850,5166384515415971255,1628665371364420822,3142001315606405602,296629258890183919181691482788622527478,True,False
S16,7,20,VALIDATION,25585842203429224133277973671649542595,210927038201908029084961200806625384850,5166384515415971255,1628665371364420822,3142001315606405602,296629258890183919181691482788622527478,True,False
S16,7,21,TEST,25585842203429224133277973671649542595,210927038201908029084961200806625384850,5166384515415971255,1628665371364420822,3142001315606405602,296629258890183919181691482788622527478,True,False
S16,7,22,FIT,25585842203429224133277973671649542595,210927038201908029084961200806625384850,5166384515415971255,1628665371364420822,3142001315606405602,296629258890183919181691482788622527478,True,False
S16,7,23,FIT,25585842203429224133277973671649542595,210927038201908029084961200806625384850,5166384515415971255,1628665371364420822,3142001315606405602,296629258890183919181691482788622527478,True,False
S16,7,24,FIT,25585842203429224133277973671649542595,210927038201908029084961200806625384850,5166384515415971255,1628665371364420822,3142001315606405602,296629258890183919181691482788622527478,True,False
S16,7,25,TEST,25585842203429224133277973671649542595,210927038201908029084961200806625384850,5166384515415971255,1628665371364420822,3142001315606405602,296629258890183919181691482788622527478,True,False
S16,7,26,FIT,25585842203429224133277973671649542595,210927038201908029084961200806625384850,5166384515415971255,1628665371364420822,3142001315606405602,296629258890183919181691482788622527478,True,False
S16,7,27,FIT,25585842203429224133277973671649542595,210927038201908029084961200806625384850,5166384515415971255,1628665371364420822,3142001315606405602,296629258890183919181691482788622527478,True,False
S16,7,28,FIT,25585842203429224133277973671649542595,210927038201908029084961200806625384850,5166384515415971255,1628665371364420822,3142001315606405602,296629258890183919181691482788622527478,True,False
S16,7,29,TEST,25585842203429224133277973671649542595,210927038201908029084961200806625384850,5166384515415971255,1628665371364420822,3142001315606405602,296629258890183919181691482788622527478,True,False
S16,7,30,FIT,25585842203429224133277973671649542595,210927038201908029084961200806625384850,5166384515415971255,1628665371364420822,3142001315606405602,296629258890183919181691482788622527478,True,False
S16,7,31,FIT,25585842203429224133277973671649542595,210927038201908029084961200806625384850,5166384515415971255,1628665371364420822,3142001315606405602,296629258890183919181691482788622527478,True,False
S16,7,32,FIT,25585842203429224133277973671649542595,210927038201908029084961200806625384850,5166384515415971255,1628665371364420822,3142001315606405602,296629258890183919181691482788622527478,True,False
S16,7,33,VALIDATION,25585842203429224133277973671649542595,210927038201908029084961200806625384850,5166384515415971255,1628665371364420822,3142001315606405602,296629258890183919181691482788622527478,True,False
S16,7,34,FIT,25585842203429224133277973671649542595,210927038201908029084961200806625384850,5166384515415971255,1628665371364420822,3142001315606405602,296629258890183919181691482788622527478,True,False
S16,7,35,FIT,25585842203429224133277973671649542595,210927038201908029084961200806625384850,5166384515415971255,1628665371364420822,3142001315606405602,296629258890183919181691482788622527478,True,False
S16,7,36,TEST,25585842203429224133277973671649542595,210927038201908029084961200806625384850,5166384515415971255,1628665371364420822,3142001315606405602,296629258890183919181691482788622527478,True,False
S16,7,37,TEST,25585842203429224133277973671649542595,210927038201908029084961200806625384850,5166384515415971255,1628665371364420822,3142001315606405602,296629258890183919181691482788622527478,True,False
S16,7,38,FIT,25585842203429224133277973671649542595,210927038201908029084961200806625384850,5166384515415971255,1628665371364420822,3142001315606405602,296629258890183919181691482788622527478,True,False
S16,7,39,FIT,25585842203429224133277973671649542595,210927038201908029084961200806625384850,5166384515415971255,1628665371364420822,3142001315606405602,296629258890183919181691482788622527478,True,False
S16,7,40,VALIDATION,25585842203429224133277973671649542595,210927038201908029084961200806625384850,5166384515415971255,1628665371364420822,3142001315606405602,296629258890183919181691482788622527478,True,False
S16,7,41,FIT,25585842203429224133277973671649542595,210927038201908029084961200806625384850,5166384515415971255,1628665371364420822,3142001315606405602,296629258890183919181691482788622527478,True,False
S16,7,42,VALIDATION,25585842203429224133277973671649542595,210927038201908029084961200806625384850,5166384515415971255,1628665371364420822,3142001315606405602,296629258890183919181691482788622527478,True,False
S16,7,43,VALIDATION,25585842203429224133277973671649542595,210927038201908029084961200806625384850,5166384515415971255,1628665371364420822,3142001315606405602,296629258890183919181691482788622527478,True,False
S16,7,44,TEST,25585842203429224133277973671649542595,210927038201908029084961200806625384850,5166384515415971255,1628665371364420822,3142001315606405602,296629258890183919181691482788622527478,True,False
S16,7,45,FIT,25585842203429224133277973671649542595,210927038201908029084961200806625384850,5166384515415971255,1628665371364420822,3142001315606405602,296629258890183919181691482788622527478,True,False
S16,7,46,VALIDATION,25585842203429224133277973671649542595,210927038201908029084961200806625384850,5166384515415971255,1628665371364420822,3142001315606405602,296629258890183919181691482788622527478,True,False
S16,7,47,FIT,25585842203429224133277973671649542595,210927038201908029084961200806625384850,5166384515415971255,1628665371364420822,3142001315606405602,296629258890183919181691482788622527478,True,False
S16,7,48,TEST,25585842203429224133277973671649542595,210927038201908029084961200806625384850,5166384515415971255,1628665371364420822,3142001315606405602,296629258890183919181691482788622527478,True,False
S16,7,49,TEST,25585842203429224133277973671649542595,210927038201908029084961200806625384850,5166384515415971255,1628665371364420822,3142001315606405602,296629258890183919181691482788622527478,True,False
S16,7,50,VALIDATION,25585842203429224133277973671649542595,210927038201908029084961200806625384850,5166384515415971255,1628665371364420822,3142001315606405602,296629258890183919181691482788622527478,True,False
S16,7,51,TEST,25585842203429224133277973671649542595,210927038201908029084961200806625384850,5166384515415971255,1628665371364420822,3142001315606405602,296629258890183919181691482788622527478,True,False
S16,7,52,VALIDATION,25585842203429224133277973671649542595,210927038201908029084961200806625384850,5166384515415971255,1628665371364420822,3142001315606405602,296629258890183919181691482788622527478,True,False
S16,7,53,TEST,25585842203429224133277973671649542595,210927038201908029084961200806625384850,5166384515415971255,1628665371364420822,3142001315606405602,296629258890183919181691482788622527478,True,False
S16,7,54,FIT,25585842203429224133277973671649542595,210927038201908029084961200806625384850,5166384515415971255,1628665371364420822,3142001315606405602,296629258890183919181691482788622527478,True,False
S16,7,55,FIT,25585842203429224133277973671649542595,210927038201908029084961200806625384850,5166384515415971255,1628665371364420822,3142001315606405602,296629258890183919181691482788622527478,True,False
S16,7,56,FIT,25585842203429224133277973671649542595,210927038201908029084961200806625384850,5166384515415971255,1628665371364420822,3142001315606405602,296629258890183919181691482788622527478,True,False
S16,7,57,FIT,25585842203429224133277973671649542595,210927038201908029084961200806625384850,5166384515415971255,1628665371364420822,3142001315606405602,296629258890183919181691482788622527478,True,False
S16,7,58,TEST,25585842203429224133277973671649542595,210927038201908029084961200806625384850,5166384515415971255,1628665371364420822,3142001315606405602,296629258890183919181691482788622527478,True,False
S16,7,59,VALIDATION,25585842203429224133277973671649542595,210927038201908029084961200806625384850,5166384515415971255,1628665371364420822,3142001315606405602,296629258890183919181691482788622527478,True,False
S16,7,60,FIT,25585842203429224133277973671649542595,210927038201908029084961200806625384850,5166384515415971255,1628665371364420822,3142001315606405602,296629258890183919181691482788622527478,True,False
S16,7,61,FIT,25585842203429224133277973671649542595,210927038201908029084961200806625384850,5166384515415971255,1628665371364420822,3142001315606405602,296629258890183919181691482788622527478,True,False
S16,7,62,FIT,25585842203429224133277973671649542595,210927038201908029084961200806625384850,5166384515415971255,1628665371364420822,3142001315606405602,296629258890183919181691482788622527478,True,False
S16,7,63,FIT,25585842203429224133277973671649542595,210927038201908029084961200806625384850,5166384515415971255,1628665371364420822,3142001315606405602,296629258890183919181691482788622527478,True,False
S16,7,64,FIT,25585842203429224133277973671649542595,210927038201908029084961200806625384850,5166384515415971255,1628665371364420822,3142001315606405602,296629258890183919181691482788622527478,True,False
S16,7,65,TEST,25585842203429224133277973671649542595,210927038201908029084961200806625384850,5166384515415971255,1628665371364420822,3142001315606405602,296629258890183919181691482788622527478,True,False
S16,7,66,FIT,25585842203429224133277973671649542595,210927038201908029084961200806625384850,5166384515415971255,1628665371364420822,3142001315606405602,296629258890183919181691482788622527478,True,False
S16,7,67,FIT,25585842203429224133277973671649542595,210927038201908029084961200806625384850,5166384515415971255,1628665371364420822,3142001315606405602,296629258890183919181691482788622527478,True,False
S16,7,68,FIT,25585842203429224133277973671649542595,210927038201908029084961200806625384850,5166384515415971255,1628665371364420822,3142001315606405602,296629258890183919181691482788622527478,True,False
S16,7,69,FIT,25585842203429224133277973671649542595,210927038201908029084961200806625384850,5166384515415971255,1628665371364420822,3142001315606405602,296629258890183919181691482788622527478,True,False
S16,7,70,FIT,25585842203429224133277973671649542595,210927038201908029084961200806625384850,5166384515415971255,1628665371364420822,3142001315606405602,296629258890183919181691482788622527478,True,False
S16,7,71,FIT,25585842203429224133277973671649542595,210927038201908029084961200806625384850,5166384515415971255,1628665371364420822,3142001315606405602,296629258890183919181691482788622527478,True,False
S16,7,72,VALIDATION,25585842203429224133277973671649542595,210927038201908029084961200806625384850,5166384515415971255,1628665371364420822,3142001315606405602,296629258890183919181691482788622527478,True,False
S16,7,73,TEST,25585842203429224133277973671649542595,210927038201908029084961200806625384850,5166384515415971255,1628665371364420822,3142001315606405602,296629258890183919181691482788622527478,True,False
S16,7,74,TEST,25585842203429224133277973671649542595,210927038201908029084961200806625384850,5166384515415971255,1628665371364420822,3142001315606405602,296629258890183919181691482788622527478,True,False
S16,7,75,VALIDATION,25585842203429224133277973671649542595,210927038201908029084961200806625384850,5166384515415971255,1628665371364420822,3142001315606405602,296629258890183919181691482788622527478,True,False
S16,7,76,FIT,25585842203429224133277973671649542595,210927038201908029084961200806625384850,5166384515415971255,1628665371364420822,3142001315606405602,296629258890183919181691482788622527478,True,False
S16,7,77,TEST,25585842203429224133277973671649542595,210927038201908029084961200806625384850,5166384515415971255,1628665371364420822,3142001315606405602,296629258890183919181691482788622527478,True,False
S16,7,78,FIT,25585842203429224133277973671649542595,210927038201908029084961200806625384850,5166384515415971255,1628665371364420822,3142001315606405602,296629258890183919181691482788622527478,True,False
S16,7,79,TEST,25585842203429224133277973671649542595,210927038201908029084961200806625384850,5166384515415971255,1628665371364420822,3142001315606405602,296629258890183919181691482788622527478,True,False
S16,7,80,FIT,25585842203429224133277973671649542595,210927038201908029084961200806625384850,5166384515415971255,1628665371364420822,3142001315606405602,296629258890183919181691482788622527478,True,False
S16,7,81,FIT,25585842203429224133277973671649542595,210927038201908029084961200806625384850,5166384515415971255,1628665371364420822,3142001315606405602,296629258890183919181691482788622527478,True,False
S16,7,82,FIT,25585842203429224133277973671649542595,210927038201908029084961200806625384850,5166384515415971255,1628665371364420822,3142001315606405602,296629258890183919181691482788622527478,True,False
S16,7,83,FIT,25585842203429224133277973671649542595,210927038201908029084961200806625384850,5166384515415971255,1628665371364420822,3142001315606405602,296629258890183919181691482788622527478,True,False
S16,7,84,FIT,25585842203429224133277973671649542595,210927038201908029084961200806625384850,5166384515415971255,1628665371364420822,3142001315606405602,296629258890183919181691482788622527478,True,False
S16,7,85,VALIDATION,25585842203429224133277973671649542595,210927038201908029084961200806625384850,5166384515415971255,1628665371364420822,3142001315606405602,296629258890183919181691482788622527478,True,False
S16,7,86,FIT,25585842203429224133277973671649542595,210927038201908029084961200806625384850,5166384515415971255,1628665371364420822,3142001315606405602,296629258890183919181691482788622527478,True,False
S16,7,87,FIT,25585842203429224133277973671649542595,210927038201908029084961200806625384850,5166384515415971255,1628665371364420822,3142001315606405602,296629258890183919181691482788622527478,True,False
S16,7,88,FIT,25585842203429224133277973671649542595,210927038201908029084961200806625384850,5166384515415971255,1628665371364420822,3142001315606405602,296629258890183919181691482788622527478,True,False
S16,7,89,FIT,25585842203429224133277973671649542595,210927038201908029084961200806625384850,5166384515415971255,1628665371364420822,3142001315606405602,296629258890183919181691482788622527478,True,False
S16,7,90,FIT,25585842203429224133277973671649542595,210927038201908029084961200806625384850,5166384515415971255,1628665371364420822,3142001315606405602,296629258890183919181691482788622527478,True,False
S16,7,91,FIT,25585842203429224133277973671649542595,210927038201908029084961200806625384850,5166384515415971255,1628665371364420822,3142001315606405602,296629258890183919181691482788622527478,True,False
S16,7,92,TEST,25585842203429224133277973671649542595,210927038201908029084961200806625384850,5166384515415971255,1628665371364420822,3142001315606405602,296629258890183919181691482788622527478,True,False
S16,7,93,TEST,25585842203429224133277973671649542595,210927038201908029084961200806625384850,5166384515415971255,1628665371364420822,3142001315606405602,296629258890183919181691482788622527478,True,False
S16,7,94,VALIDATION,25585842203429224133277973671649542595,210927038201908029084961200806625384850,5166384515415971255,1628665371364420822,3142001315606405602,296629258890183919181691482788622527478,True,False
S16,7,95,FIT,25585842203429224133277973671649542595,210927038201908029084961200806625384850,5166384515415971255,1628665371364420822,3142001315606405602,296629258890183919181691482788622527478,True,False
S16,7,96,FIT,25585842203429224133277973671649542595,210927038201908029084961200806625384850,5166384515415971255,1628665371364420822,3142001315606405602,296629258890183919181691482788622527478,True,False
S16,7,97,TEST,25585842203429224133277973671649542595,210927038201908029084961200806625384850,5166384515415971255,1628665371364420822,3142001315606405602,296629258890183919181691482788622527478,True,False
S16,7,98,FIT,25585842203429224133277973671649542595,210927038201908029084961200806625384850,5166384515415971255,1628665371364420822,3142001315606405602,296629258890183919181691482788622527478,True,False
S16,7,99,FIT,25585842203429224133277973671649542595,210927038201908029084961200806625384850,5166384515415971255,1628665371364420822,3142001315606405602,296629258890183919181691482788622527478,True,False
S16,8,0,FIT,330088746984807758448399694775600838151,92480193282068788033692157128400893504,6985275705364638455,2602711507621927295,64952762395006036,316623696041279173675764716507948513386,True,False
S16,8,1,FIT,330088746984807758448399694775600838151,92480193282068788033692157128400893504,6985275705364638455,2602711507621927295,64952762395006036,316623696041279173675764716507948513386,True,False
S16,8,2,VALIDATION,330088746984807758448399694775600838151,92480193282068788033692157128400893504,6985275705364638455,2602711507621927295,64952762395006036,316623696041279173675764716507948513386,True,False
S16,8,3,FIT,330088746984807758448399694775600838151,92480193282068788033692157128400893504,6985275705364638455,2602711507621927295,64952762395006036,316623696041279173675764716507948513386,True,False
S16,8,4,FIT,330088746984807758448399694775600838151,92480193282068788033692157128400893504,6985275705364638455,2602711507621927295,64952762395006036,316623696041279173675764716507948513386,True,False
S16,8,5,FIT,330088746984807758448399694775600838151,92480193282068788033692157128400893504,6985275705364638455,2602711507621927295,64952762395006036,316623696041279173675764716507948513386,True,False
S16,8,6,FIT,330088746984807758448399694775600838151,92480193282068788033692157128400893504,6985275705364638455,2602711507621927295,64952762395006036,316623696041279173675764716507948513386,True,False
S16,8,7,FIT,330088746984807758448399694775600838151,92480193282068788033692157128400893504,6985275705364638455,2602711507621927295,64952762395006036,316623696041279173675764716507948513386,True,False
S16,8,8,FIT,330088746984807758448399694775600838151,92480193282068788033692157128400893504,6985275705364638455,2602711507621927295,64952762395006036,316623696041279173675764716507948513386,True,False
S16,8,9,FIT,330088746984807758448399694775600838151,92480193282068788033692157128400893504,6985275705364638455,2602711507621927295,64952762395006036,316623696041279173675764716507948513386,True,False
S16,8,10,FIT,330088746984807758448399694775600838151,92480193282068788033692157128400893504,6985275705364638455,2602711507621927295,64952762395006036,316623696041279173675764716507948513386,True,False
S16,8,11,FIT,330088746984807758448399694775600838151,92480193282068788033692157128400893504,6985275705364638455,2602711507621927295,64952762395006036,316623696041279173675764716507948513386,True,False
S16,8,12,VALIDATION,330088746984807758448399694775600838151,92480193282068788033692157128400893504,6985275705364638455,2602711507621927295,64952762395006036,316623696041279173675764716507948513386,True,False
S16,8,13,FIT,330088746984807758448399694775600838151,92480193282068788033692157128400893504,6985275705364638455,2602711507621927295,64952762395006036,316623696041279173675764716507948513386,True,False
S16,8,14,TEST,330088746984807758448399694775600838151,92480193282068788033692157128400893504,6985275705364638455,2602711507621927295,64952762395006036,316623696041279173675764716507948513386,True,False
S16,8,15,FIT,330088746984807758448399694775600838151,92480193282068788033692157128400893504,6985275705364638455,2602711507621927295,64952762395006036,316623696041279173675764716507948513386,True,False
S16,8,16,FIT,330088746984807758448399694775600838151,92480193282068788033692157128400893504,6985275705364638455,2602711507621927295,64952762395006036,316623696041279173675764716507948513386,True,False
S16,8,17,TEST,330088746984807758448399694775600838151,92480193282068788033692157128400893504,6985275705364638455,2602711507621927295,64952762395006036,316623696041279173675764716507948513386,True,False
S16,8,18,TEST,330088746984807758448399694775600838151,92480193282068788033692157128400893504,6985275705364638455,2602711507621927295,64952762395006036,316623696041279173675764716507948513386,True,False
S16,8,19,FIT,330088746984807758448399694775600838151,92480193282068788033692157128400893504,6985275705364638455,2602711507621927295,64952762395006036,316623696041279173675764716507948513386,True,False
S16,8,20,FIT,330088746984807758448399694775600838151,92480193282068788033692157128400893504,6985275705364638455,2602711507621927295,64952762395006036,316623696041279173675764716507948513386,True,False
S16,8,21,FIT,330088746984807758448399694775600838151,92480193282068788033692157128400893504,6985275705364638455,2602711507621927295,64952762395006036,316623696041279173675764716507948513386,True,False
S16,8,22,VALIDATION,330088746984807758448399694775600838151,92480193282068788033692157128400893504,6985275705364638455,2602711507621927295,64952762395006036,316623696041279173675764716507948513386,True,False
S16,8,23,VALIDATION,330088746984807758448399694775600838151,92480193282068788033692157128400893504,6985275705364638455,2602711507621927295,64952762395006036,316623696041279173675764716507948513386,True,False
S16,8,24,FIT,330088746984807758448399694775600838151,92480193282068788033692157128400893504,6985275705364638455,2602711507621927295,64952762395006036,316623696041279173675764716507948513386,True,False
S16,8,25,FIT,330088746984807758448399694775600838151,92480193282068788033692157128400893504,6985275705364638455,2602711507621927295,64952762395006036,316623696041279173675764716507948513386,True,False
S16,8,26,FIT,330088746984807758448399694775600838151,92480193282068788033692157128400893504,6985275705364638455,2602711507621927295,64952762395006036,316623696041279173675764716507948513386,True,False
S16,8,27,FIT,330088746984807758448399694775600838151,92480193282068788033692157128400893504,6985275705364638455,2602711507621927295,64952762395006036,316623696041279173675764716507948513386,True,False
S16,8,28,VALIDATION,330088746984807758448399694775600838151,92480193282068788033692157128400893504,6985275705364638455,2602711507621927295,64952762395006036,316623696041279173675764716507948513386,True,False
S16,8,29,VALIDATION,330088746984807758448399694775600838151,92480193282068788033692157128400893504,6985275705364638455,2602711507621927295,64952762395006036,316623696041279173675764716507948513386,True,False
S16,8,30,FIT,330088746984807758448399694775600838151,92480193282068788033692157128400893504,6985275705364638455,2602711507621927295,64952762395006036,316623696041279173675764716507948513386,True,False
S16,8,31,VALIDATION,330088746984807758448399694775600838151,92480193282068788033692157128400893504,6985275705364638455,2602711507621927295,64952762395006036,316623696041279173675764716507948513386,True,False
S16,8,32,FIT,330088746984807758448399694775600838151,92480193282068788033692157128400893504,6985275705364638455,2602711507621927295,64952762395006036,316623696041279173675764716507948513386,True,False
S16,8,33,TEST,330088746984807758448399694775600838151,92480193282068788033692157128400893504,6985275705364638455,2602711507621927295,64952762395006036,316623696041279173675764716507948513386,True,False
S16,8,34,FIT,330088746984807758448399694775600838151,92480193282068788033692157128400893504,6985275705364638455,2602711507621927295,64952762395006036,316623696041279173675764716507948513386,True,False
S16,8,35,FIT,330088746984807758448399694775600838151,92480193282068788033692157128400893504,6985275705364638455,2602711507621927295,64952762395006036,316623696041279173675764716507948513386,True,False
S16,8,36,FIT,330088746984807758448399694775600838151,92480193282068788033692157128400893504,6985275705364638455,2602711507621927295,64952762395006036,316623696041279173675764716507948513386,True,False
S16,8,37,FIT,330088746984807758448399694775600838151,92480193282068788033692157128400893504,6985275705364638455,2602711507621927295,64952762395006036,316623696041279173675764716507948513386,True,False
S16,8,38,VALIDATION,330088746984807758448399694775600838151,92480193282068788033692157128400893504,6985275705364638455,2602711507621927295,64952762395006036,316623696041279173675764716507948513386,True,False
S16,8,39,FIT,330088746984807758448399694775600838151,92480193282068788033692157128400893504,6985275705364638455,2602711507621927295,64952762395006036,316623696041279173675764716507948513386,True,False
S16,8,40,VALIDATION,330088746984807758448399694775600838151,92480193282068788033692157128400893504,6985275705364638455,2602711507621927295,64952762395006036,316623696041279173675764716507948513386,True,False
S16,8,41,FIT,330088746984807758448399694775600838151,92480193282068788033692157128400893504,6985275705364638455,2602711507621927295,64952762395006036,316623696041279173675764716507948513386,True,False
S16,8,42,FIT,330088746984807758448399694775600838151,92480193282068788033692157128400893504,6985275705364638455,2602711507621927295,64952762395006036,316623696041279173675764716507948513386,True,False
S16,8,43,FIT,330088746984807758448399694775600838151,92480193282068788033692157128400893504,6985275705364638455,2602711507621927295,64952762395006036,316623696041279173675764716507948513386,True,False
S16,8,44,FIT,330088746984807758448399694775600838151,92480193282068788033692157128400893504,6985275705364638455,2602711507621927295,64952762395006036,316623696041279173675764716507948513386,True,False
S16,8,45,TEST,330088746984807758448399694775600838151,92480193282068788033692157128400893504,6985275705364638455,2602711507621927295,64952762395006036,316623696041279173675764716507948513386,True,False
S16,8,46,TEST,330088746984807758448399694775600838151,92480193282068788033692157128400893504,6985275705364638455,2602711507621927295,64952762395006036,316623696041279173675764716507948513386,True,False
S16,8,47,TEST,330088746984807758448399694775600838151,92480193282068788033692157128400893504,6985275705364638455,2602711507621927295,64952762395006036,316623696041279173675764716507948513386,True,False
S16,8,48,VALIDATION,330088746984807758448399694775600838151,92480193282068788033692157128400893504,6985275705364638455,2602711507621927295,64952762395006036,316623696041279173675764716507948513386,True,False
S16,8,49,FIT,330088746984807758448399694775600838151,92480193282068788033692157128400893504,6985275705364638455,2602711507621927295,64952762395006036,316623696041279173675764716507948513386,True,False
S16,8,50,TEST,330088746984807758448399694775600838151,92480193282068788033692157128400893504,6985275705364638455,2602711507621927295,64952762395006036,316623696041279173675764716507948513386,True,False
S16,8,51,TEST,330088746984807758448399694775600838151,92480193282068788033692157128400893504,6985275705364638455,2602711507621927295,64952762395006036,316623696041279173675764716507948513386,True,False
S16,8,52,TEST,330088746984807758448399694775600838151,92480193282068788033692157128400893504,6985275705364638455,2602711507621927295,64952762395006036,316623696041279173675764716507948513386,True,False
S16,8,53,TEST,330088746984807758448399694775600838151,92480193282068788033692157128400893504,6985275705364638455,2602711507621927295,64952762395006036,316623696041279173675764716507948513386,True,False
S16,8,54,VALIDATION,330088746984807758448399694775600838151,92480193282068788033692157128400893504,6985275705364638455,2602711507621927295,64952762395006036,316623696041279173675764716507948513386,True,False
S16,8,55,FIT,330088746984807758448399694775600838151,92480193282068788033692157128400893504,6985275705364638455,2602711507621927295,64952762395006036,316623696041279173675764716507948513386,True,False
S16,8,56,FIT,330088746984807758448399694775600838151,92480193282068788033692157128400893504,6985275705364638455,2602711507621927295,64952762395006036,316623696041279173675764716507948513386,True,False
S16,8,57,FIT,330088746984807758448399694775600838151,92480193282068788033692157128400893504,6985275705364638455,2602711507621927295,64952762395006036,316623696041279173675764716507948513386,True,False
S16,8,58,FIT,330088746984807758448399694775600838151,92480193282068788033692157128400893504,6985275705364638455,2602711507621927295,64952762395006036,316623696041279173675764716507948513386,True,False
S16,8,59,FIT,330088746984807758448399694775600838151,92480193282068788033692157128400893504,6985275705364638455,2602711507621927295,64952762395006036,316623696041279173675764716507948513386,True,False
S16,8,60,FIT,330088746984807758448399694775600838151,92480193282068788033692157128400893504,6985275705364638455,2602711507621927295,64952762395006036,316623696041279173675764716507948513386,True,False
S16,8,61,VALIDATION,330088746984807758448399694775600838151,92480193282068788033692157128400893504,6985275705364638455,2602711507621927295,64952762395006036,316623696041279173675764716507948513386,True,False
S16,8,62,FIT,330088746984807758448399694775600838151,92480193282068788033692157128400893504,6985275705364638455,2602711507621927295,64952762395006036,316623696041279173675764716507948513386,True,False
S16,8,63,VALIDATION,330088746984807758448399694775600838151,92480193282068788033692157128400893504,6985275705364638455,2602711507621927295,64952762395006036,316623696041279173675764716507948513386,True,False
S16,8,64,FIT,330088746984807758448399694775600838151,92480193282068788033692157128400893504,6985275705364638455,2602711507621927295,64952762395006036,316623696041279173675764716507948513386,True,False
S16,8,65,FIT,330088746984807758448399694775600838151,92480193282068788033692157128400893504,6985275705364638455,2602711507621927295,64952762395006036,316623696041279173675764716507948513386,True,False
S16,8,66,FIT,330088746984807758448399694775600838151,92480193282068788033692157128400893504,6985275705364638455,2602711507621927295,64952762395006036,316623696041279173675764716507948513386,True,False
S16,8,67,FIT,330088746984807758448399694775600838151,92480193282068788033692157128400893504,6985275705364638455,2602711507621927295,64952762395006036,316623696041279173675764716507948513386,True,False
S16,8,68,FIT,330088746984807758448399694775600838151,92480193282068788033692157128400893504,6985275705364638455,2602711507621927295,64952762395006036,316623696041279173675764716507948513386,True,False
S16,8,69,FIT,330088746984807758448399694775600838151,92480193282068788033692157128400893504,6985275705364638455,2602711507621927295,64952762395006036,316623696041279173675764716507948513386,True,False
S16,8,70,TEST,330088746984807758448399694775600838151,92480193282068788033692157128400893504,6985275705364638455,2602711507621927295,64952762395006036,316623696041279173675764716507948513386,True,False
S16,8,71,VALIDATION,330088746984807758448399694775600838151,92480193282068788033692157128400893504,6985275705364638455,2602711507621927295,64952762395006036,316623696041279173675764716507948513386,True,False
S16,8,72,FIT,330088746984807758448399694775600838151,92480193282068788033692157128400893504,6985275705364638455,2602711507621927295,64952762395006036,316623696041279173675764716507948513386,True,False
S16,8,73,FIT,330088746984807758448399694775600838151,92480193282068788033692157128400893504,6985275705364638455,2602711507621927295,64952762395006036,316623696041279173675764716507948513386,True,False
S16,8,74,TEST,330088746984807758448399694775600838151,92480193282068788033692157128400893504,6985275705364638455,2602711507621927295,64952762395006036,316623696041279173675764716507948513386,True,False
S16,8,75,TEST,330088746984807758448399694775600838151,92480193282068788033692157128400893504,6985275705364638455,2602711507621927295,64952762395006036,316623696041279173675764716507948513386,True,False
S16,8,76,TEST,330088746984807758448399694775600838151,92480193282068788033692157128400893504,6985275705364638455,2602711507621927295,64952762395006036,316623696041279173675764716507948513386,True,False
S16,8,77,FIT,330088746984807758448399694775600838151,92480193282068788033692157128400893504,6985275705364638455,2602711507621927295,64952762395006036,316623696041279173675764716507948513386,True,False
S16,8,78,TEST,330088746984807758448399694775600838151,92480193282068788033692157128400893504,6985275705364638455,2602711507621927295,64952762395006036,316623696041279173675764716507948513386,True,False
S16,8,79,TEST,330088746984807758448399694775600838151,92480193282068788033692157128400893504,6985275705364638455,2602711507621927295,64952762395006036,316623696041279173675764716507948513386,True,False
S16,8,80,TEST,330088746984807758448399694775600838151,92480193282068788033692157128400893504,6985275705364638455,2602711507621927295,64952762395006036,316623696041279173675764716507948513386,True,False
S16,8,81,FIT,330088746984807758448399694775600838151,92480193282068788033692157128400893504,6985275705364638455,2602711507621927295,64952762395006036,316623696041279173675764716507948513386,True,False
S16,8,82,FIT,330088746984807758448399694775600838151,92480193282068788033692157128400893504,6985275705364638455,2602711507621927295,64952762395006036,316623696041279173675764716507948513386,True,False
S16,8,83,TEST,330088746984807758448399694775600838151,92480193282068788033692157128400893504,6985275705364638455,2602711507621927295,64952762395006036,316623696041279173675764716507948513386,True,False
S16,8,84,FIT,330088746984807758448399694775600838151,92480193282068788033692157128400893504,6985275705364638455,2602711507621927295,64952762395006036,316623696041279173675764716507948513386,True,False
S16,8,85,FIT,330088746984807758448399694775600838151,92480193282068788033692157128400893504,6985275705364638455,2602711507621927295,64952762395006036,316623696041279173675764716507948513386,True,False
S16,8,86,FIT,330088746984807758448399694775600838151,92480193282068788033692157128400893504,6985275705364638455,2602711507621927295,64952762395006036,316623696041279173675764716507948513386,True,False
S16,8,87,TEST,330088746984807758448399694775600838151,92480193282068788033692157128400893504,6985275705364638455,2602711507621927295,64952762395006036,316623696041279173675764716507948513386,True,False
S16,8,88,VALIDATION,330088746984807758448399694775600838151,92480193282068788033692157128400893504,6985275705364638455,2602711507621927295,64952762395006036,316623696041279173675764716507948513386,True,False
S16,8,89,FIT,330088746984807758448399694775600838151,92480193282068788033692157128400893504,6985275705364638455,2602711507621927295,64952762395006036,316623696041279173675764716507948513386,True,False
S16,8,90,FIT,330088746984807758448399694775600838151,92480193282068788033692157128400893504,6985275705364638455,2602711507621927295,64952762395006036,316623696041279173675764716507948513386,True,False
S16,8,91,FIT,330088746984807758448399694775600838151,92480193282068788033692157128400893504,6985275705364638455,2602711507621927295,64952762395006036,316623696041279173675764716507948513386,True,False
S16,8,92,VALIDATION,330088746984807758448399694775600838151,92480193282068788033692157128400893504,6985275705364638455,2602711507621927295,64952762395006036,316623696041279173675764716507948513386,True,False
S16,8,93,FIT,330088746984807758448399694775600838151,92480193282068788033692157128400893504,6985275705364638455,2602711507621927295,64952762395006036,316623696041279173675764716507948513386,True,False
S16,8,94,FIT,330088746984807758448399694775600838151,92480193282068788033692157128400893504,6985275705364638455,2602711507621927295,64952762395006036,316623696041279173675764716507948513386,True,False
S16,8,95,FIT,330088746984807758448399694775600838151,92480193282068788033692157128400893504,6985275705364638455,2602711507621927295,64952762395006036,316623696041279173675764716507948513386,True,False
S16,8,96,FIT,330088746984807758448399694775600838151,92480193282068788033692157128400893504,6985275705364638455,2602711507621927295,64952762395006036,316623696041279173675764716507948513386,True,False
S16,8,97,FIT,330088746984807758448399694775600838151,92480193282068788033692157128400893504,6985275705364638455,2602711507621927295,64952762395006036,316623696041279173675764716507948513386,True,False
S16,8,98,FIT,330088746984807758448399694775600838151,92480193282068788033692157128400893504,6985275705364638455,2602711507621927295,64952762395006036,316623696041279173675764716507948513386,True,False
S16,8,99,FIT,330088746984807758448399694775600838151,92480193282068788033692157128400893504,6985275705364638455,2602711507621927295,64952762395006036,316623696041279173675764716507948513386,True,False
S16,9,0,VALIDATION,285509495944290434462871847513847279592,125550244608593695015791872222935702852,4075460336873585797,7607831292328020663,2400056408317917825,186452186952386975925358850852765258976,True,False
S16,9,1,TEST,285509495944290434462871847513847279592,125550244608593695015791872222935702852,4075460336873585797,7607831292328020663,2400056408317917825,186452186952386975925358850852765258976,True,False
S16,9,2,FIT,285509495944290434462871847513847279592,125550244608593695015791872222935702852,4075460336873585797,7607831292328020663,2400056408317917825,186452186952386975925358850852765258976,True,False
S16,9,3,TEST,285509495944290434462871847513847279592,125550244608593695015791872222935702852,4075460336873585797,7607831292328020663,2400056408317917825,186452186952386975925358850852765258976,True,False
S16,9,4,FIT,285509495944290434462871847513847279592,125550244608593695015791872222935702852,4075460336873585797,7607831292328020663,2400056408317917825,186452186952386975925358850852765258976,True,False
S16,9,5,FIT,285509495944290434462871847513847279592,125550244608593695015791872222935702852,4075460336873585797,7607831292328020663,2400056408317917825,186452186952386975925358850852765258976,True,False
S16,9,6,FIT,285509495944290434462871847513847279592,125550244608593695015791872222935702852,4075460336873585797,7607831292328020663,2400056408317917825,186452186952386975925358850852765258976,True,False
S16,9,7,TEST,285509495944290434462871847513847279592,125550244608593695015791872222935702852,4075460336873585797,7607831292328020663,2400056408317917825,186452186952386975925358850852765258976,True,False
S16,9,8,FIT,285509495944290434462871847513847279592,125550244608593695015791872222935702852,4075460336873585797,7607831292328020663,2400056408317917825,186452186952386975925358850852765258976,True,False
S16,9,9,TEST,285509495944290434462871847513847279592,125550244608593695015791872222935702852,4075460336873585797,7607831292328020663,2400056408317917825,186452186952386975925358850852765258976,True,False
S16,9,10,FIT,285509495944290434462871847513847279592,125550244608593695015791872222935702852,4075460336873585797,7607831292328020663,2400056408317917825,186452186952386975925358850852765258976,True,False
S16,9,11,TEST,285509495944290434462871847513847279592,125550244608593695015791872222935702852,4075460336873585797,7607831292328020663,2400056408317917825,186452186952386975925358850852765258976,True,False
S16,9,12,FIT,285509495944290434462871847513847279592,125550244608593695015791872222935702852,4075460336873585797,7607831292328020663,2400056408317917825,186452186952386975925358850852765258976,True,False
S16,9,13,FIT,285509495944290434462871847513847279592,125550244608593695015791872222935702852,4075460336873585797,7607831292328020663,2400056408317917825,186452186952386975925358850852765258976,True,False
S16,9,14,TEST,285509495944290434462871847513847279592,125550244608593695015791872222935702852,4075460336873585797,7607831292328020663,2400056408317917825,186452186952386975925358850852765258976,True,False
S16,9,15,TEST,285509495944290434462871847513847279592,125550244608593695015791872222935702852,4075460336873585797,7607831292328020663,2400056408317917825,186452186952386975925358850852765258976,True,False
S16,9,16,TEST,285509495944290434462871847513847279592,125550244608593695015791872222935702852,4075460336873585797,7607831292328020663,2400056408317917825,186452186952386975925358850852765258976,True,False
S16,9,17,TEST,285509495944290434462871847513847279592,125550244608593695015791872222935702852,4075460336873585797,7607831292328020663,2400056408317917825,186452186952386975925358850852765258976,True,False
S16,9,18,FIT,285509495944290434462871847513847279592,125550244608593695015791872222935702852,4075460336873585797,7607831292328020663,2400056408317917825,186452186952386975925358850852765258976,True,False
S16,9,19,FIT,285509495944290434462871847513847279592,125550244608593695015791872222935702852,4075460336873585797,7607831292328020663,2400056408317917825,186452186952386975925358850852765258976,True,False
S16,9,20,FIT,285509495944290434462871847513847279592,125550244608593695015791872222935702852,4075460336873585797,7607831292328020663,2400056408317917825,186452186952386975925358850852765258976,True,False
S16,9,21,FIT,285509495944290434462871847513847279592,125550244608593695015791872222935702852,4075460336873585797,7607831292328020663,2400056408317917825,186452186952386975925358850852765258976,True,False
S16,9,22,VALIDATION,285509495944290434462871847513847279592,125550244608593695015791872222935702852,4075460336873585797,7607831292328020663,2400056408317917825,186452186952386975925358850852765258976,True,False
S16,9,23,VALIDATION,285509495944290434462871847513847279592,125550244608593695015791872222935702852,4075460336873585797,7607831292328020663,2400056408317917825,186452186952386975925358850852765258976,True,False
S16,9,24,FIT,285509495944290434462871847513847279592,125550244608593695015791872222935702852,4075460336873585797,7607831292328020663,2400056408317917825,186452186952386975925358850852765258976,True,False
S16,9,25,FIT,285509495944290434462871847513847279592,125550244608593695015791872222935702852,4075460336873585797,7607831292328020663,2400056408317917825,186452186952386975925358850852765258976,True,False
S16,9,26,FIT,285509495944290434462871847513847279592,125550244608593695015791872222935702852,4075460336873585797,7607831292328020663,2400056408317917825,186452186952386975925358850852765258976,True,False
S16,9,27,VALIDATION,285509495944290434462871847513847279592,125550244608593695015791872222935702852,4075460336873585797,7607831292328020663,2400056408317917825,186452186952386975925358850852765258976,True,False
S16,9,28,FIT,285509495944290434462871847513847279592,125550244608593695015791872222935702852,4075460336873585797,7607831292328020663,2400056408317917825,186452186952386975925358850852765258976,True,False
S16,9,29,FIT,285509495944290434462871847513847279592,125550244608593695015791872222935702852,4075460336873585797,7607831292328020663,2400056408317917825,186452186952386975925358850852765258976,True,False
S16,9,30,FIT,285509495944290434462871847513847279592,125550244608593695015791872222935702852,4075460336873585797,7607831292328020663,2400056408317917825,186452186952386975925358850852765258976,True,False
S16,9,31,FIT,285509495944290434462871847513847279592,125550244608593695015791872222935702852,4075460336873585797,7607831292328020663,2400056408317917825,186452186952386975925358850852765258976,True,False
S16,9,32,FIT,285509495944290434462871847513847279592,125550244608593695015791872222935702852,4075460336873585797,7607831292328020663,2400056408317917825,186452186952386975925358850852765258976,True,False
S16,9,33,VALIDATION,285509495944290434462871847513847279592,125550244608593695015791872222935702852,4075460336873585797,7607831292328020663,2400056408317917825,186452186952386975925358850852765258976,True,False
S16,9,34,FIT,285509495944290434462871847513847279592,125550244608593695015791872222935702852,4075460336873585797,7607831292328020663,2400056408317917825,186452186952386975925358850852765258976,True,False
S16,9,35,FIT,285509495944290434462871847513847279592,125550244608593695015791872222935702852,4075460336873585797,7607831292328020663,2400056408317917825,186452186952386975925358850852765258976,True,False
S16,9,36,FIT,285509495944290434462871847513847279592,125550244608593695015791872222935702852,4075460336873585797,7607831292328020663,2400056408317917825,186452186952386975925358850852765258976,True,False
S16,9,37,FIT,285509495944290434462871847513847279592,125550244608593695015791872222935702852,4075460336873585797,7607831292328020663,2400056408317917825,186452186952386975925358850852765258976,True,False
S16,9,38,FIT,285509495944290434462871847513847279592,125550244608593695015791872222935702852,4075460336873585797,7607831292328020663,2400056408317917825,186452186952386975925358850852765258976,True,False
S16,9,39,FIT,285509495944290434462871847513847279592,125550244608593695015791872222935702852,4075460336873585797,7607831292328020663,2400056408317917825,186452186952386975925358850852765258976,True,False
S16,9,40,FIT,285509495944290434462871847513847279592,125550244608593695015791872222935702852,4075460336873585797,7607831292328020663,2400056408317917825,186452186952386975925358850852765258976,True,False
S16,9,41,VALIDATION,285509495944290434462871847513847279592,125550244608593695015791872222935702852,4075460336873585797,7607831292328020663,2400056408317917825,186452186952386975925358850852765258976,True,False
S16,9,42,VALIDATION,285509495944290434462871847513847279592,125550244608593695015791872222935702852,4075460336873585797,7607831292328020663,2400056408317917825,186452186952386975925358850852765258976,True,False
S16,9,43,VALIDATION,285509495944290434462871847513847279592,125550244608593695015791872222935702852,4075460336873585797,7607831292328020663,2400056408317917825,186452186952386975925358850852765258976,True,False
S16,9,44,TEST,285509495944290434462871847513847279592,125550244608593695015791872222935702852,4075460336873585797,7607831292328020663,2400056408317917825,186452186952386975925358850852765258976,True,False
S16,9,45,TEST,285509495944290434462871847513847279592,125550244608593695015791872222935702852,4075460336873585797,7607831292328020663,2400056408317917825,186452186952386975925358850852765258976,True,False
S16,9,46,FIT,285509495944290434462871847513847279592,125550244608593695015791872222935702852,4075460336873585797,7607831292328020663,2400056408317917825,186452186952386975925358850852765258976,True,False
S16,9,47,FIT,285509495944290434462871847513847279592,125550244608593695015791872222935702852,4075460336873585797,7607831292328020663,2400056408317917825,186452186952386975925358850852765258976,True,False
S16,9,48,FIT,285509495944290434462871847513847279592,125550244608593695015791872222935702852,4075460336873585797,7607831292328020663,2400056408317917825,186452186952386975925358850852765258976,True,False
S16,9,49,TEST,285509495944290434462871847513847279592,125550244608593695015791872222935702852,4075460336873585797,7607831292328020663,2400056408317917825,186452186952386975925358850852765258976,True,False
S16,9,50,TEST,285509495944290434462871847513847279592,125550244608593695015791872222935702852,4075460336873585797,7607831292328020663,2400056408317917825,186452186952386975925358850852765258976,True,False
S16,9,51,FIT,285509495944290434462871847513847279592,125550244608593695015791872222935702852,4075460336873585797,7607831292328020663,2400056408317917825,186452186952386975925358850852765258976,True,False
S16,9,52,FIT,285509495944290434462871847513847279592,125550244608593695015791872222935702852,4075460336873585797,7607831292328020663,2400056408317917825,186452186952386975925358850852765258976,True,False
S16,9,53,FIT,285509495944290434462871847513847279592,125550244608593695015791872222935702852,4075460336873585797,7607831292328020663,2400056408317917825,186452186952386975925358850852765258976,True,False
S16,9,54,TEST,285509495944290434462871847513847279592,125550244608593695015791872222935702852,4075460336873585797,7607831292328020663,2400056408317917825,186452186952386975925358850852765258976,True,False
S16,9,55,FIT,285509495944290434462871847513847279592,125550244608593695015791872222935702852,4075460336873585797,7607831292328020663,2400056408317917825,186452186952386975925358850852765258976,True,False
S16,9,56,FIT,285509495944290434462871847513847279592,125550244608593695015791872222935702852,4075460336873585797,7607831292328020663,2400056408317917825,186452186952386975925358850852765258976,True,False
S16,9,57,VALIDATION,285509495944290434462871847513847279592,125550244608593695015791872222935702852,4075460336873585797,7607831292328020663,2400056408317917825,186452186952386975925358850852765258976,True,False
S16,9,58,VALIDATION,285509495944290434462871847513847279592,125550244608593695015791872222935702852,4075460336873585797,7607831292328020663,2400056408317917825,186452186952386975925358850852765258976,True,False
S16,9,59,FIT,285509495944290434462871847513847279592,125550244608593695015791872222935702852,4075460336873585797,7607831292328020663,2400056408317917825,186452186952386975925358850852765258976,True,False
S16,9,60,FIT,285509495944290434462871847513847279592,125550244608593695015791872222935702852,4075460336873585797,7607831292328020663,2400056408317917825,186452186952386975925358850852765258976,True,False
S16,9,61,FIT,285509495944290434462871847513847279592,125550244608593695015791872222935702852,4075460336873585797,7607831292328020663,2400056408317917825,186452186952386975925358850852765258976,True,False
S16,9,62,FIT,285509495944290434462871847513847279592,125550244608593695015791872222935702852,4075460336873585797,7607831292328020663,2400056408317917825,186452186952386975925358850852765258976,True,False
S16,9,63,FIT,285509495944290434462871847513847279592,125550244608593695015791872222935702852,4075460336873585797,7607831292328020663,2400056408317917825,186452186952386975925358850852765258976,True,False
S16,9,64,FIT,285509495944290434462871847513847279592,125550244608593695015791872222935702852,4075460336873585797,7607831292328020663,2400056408317917825,186452186952386975925358850852765258976,True,False
S16,9,65,FIT,285509495944290434462871847513847279592,125550244608593695015791872222935702852,4075460336873585797,7607831292328020663,2400056408317917825,186452186952386975925358850852765258976,True,False
S16,9,66,VALIDATION,285509495944290434462871847513847279592,125550244608593695015791872222935702852,4075460336873585797,7607831292328020663,2400056408317917825,186452186952386975925358850852765258976,True,False
S16,9,67,FIT,285509495944290434462871847513847279592,125550244608593695015791872222935702852,4075460336873585797,7607831292328020663,2400056408317917825,186452186952386975925358850852765258976,True,False
S16,9,68,TEST,285509495944290434462871847513847279592,125550244608593695015791872222935702852,4075460336873585797,7607831292328020663,2400056408317917825,186452186952386975925358850852765258976,True,False
S16,9,69,TEST,285509495944290434462871847513847279592,125550244608593695015791872222935702852,4075460336873585797,7607831292328020663,2400056408317917825,186452186952386975925358850852765258976,True,False
S16,9,70,FIT,285509495944290434462871847513847279592,125550244608593695015791872222935702852,4075460336873585797,7607831292328020663,2400056408317917825,186452186952386975925358850852765258976,True,False
S16,9,71,FIT,285509495944290434462871847513847279592,125550244608593695015791872222935702852,4075460336873585797,7607831292328020663,2400056408317917825,186452186952386975925358850852765258976,True,False
S16,9,72,FIT,285509495944290434462871847513847279592,125550244608593695015791872222935702852,4075460336873585797,7607831292328020663,2400056408317917825,186452186952386975925358850852765258976,True,False
S16,9,73,FIT,285509495944290434462871847513847279592,125550244608593695015791872222935702852,4075460336873585797,7607831292328020663,2400056408317917825,186452186952386975925358850852765258976,True,False
S16,9,74,TEST,285509495944290434462871847513847279592,125550244608593695015791872222935702852,4075460336873585797,7607831292328020663,2400056408317917825,186452186952386975925358850852765258976,True,False
S16,9,75,VALIDATION,285509495944290434462871847513847279592,125550244608593695015791872222935702852,4075460336873585797,7607831292328020663,2400056408317917825,186452186952386975925358850852765258976,True,False
S16,9,76,VALIDATION,285509495944290434462871847513847279592,125550244608593695015791872222935702852,4075460336873585797,7607831292328020663,2400056408317917825,186452186952386975925358850852765258976,True,False
S16,9,77,FIT,285509495944290434462871847513847279592,125550244608593695015791872222935702852,4075460336873585797,7607831292328020663,2400056408317917825,186452186952386975925358850852765258976,True,False
S16,9,78,FIT,285509495944290434462871847513847279592,125550244608593695015791872222935702852,4075460336873585797,7607831292328020663,2400056408317917825,186452186952386975925358850852765258976,True,False
S16,9,79,VALIDATION,285509495944290434462871847513847279592,125550244608593695015791872222935702852,4075460336873585797,7607831292328020663,2400056408317917825,186452186952386975925358850852765258976,True,False
S16,9,80,VALIDATION,285509495944290434462871847513847279592,125550244608593695015791872222935702852,4075460336873585797,7607831292328020663,2400056408317917825,186452186952386975925358850852765258976,True,False
S16,9,81,FIT,285509495944290434462871847513847279592,125550244608593695015791872222935702852,4075460336873585797,7607831292328020663,2400056408317917825,186452186952386975925358850852765258976,True,False
S16,9,82,FIT,285509495944290434462871847513847279592,125550244608593695015791872222935702852,4075460336873585797,7607831292328020663,2400056408317917825,186452186952386975925358850852765258976,True,False
S16,9,83,FIT,285509495944290434462871847513847279592,125550244608593695015791872222935702852,4075460336873585797,7607831292328020663,2400056408317917825,186452186952386975925358850852765258976,True,False
S16,9,84,FIT,285509495944290434462871847513847279592,125550244608593695015791872222935702852,4075460336873585797,7607831292328020663,2400056408317917825,186452186952386975925358850852765258976,True,False
S16,9,85,FIT,285509495944290434462871847513847279592,125550244608593695015791872222935702852,4075460336873585797,7607831292328020663,2400056408317917825,186452186952386975925358850852765258976,True,False
S16,9,86,FIT,285509495944290434462871847513847279592,125550244608593695015791872222935702852,4075460336873585797,7607831292328020663,2400056408317917825,186452186952386975925358850852765258976,True,False
S16,9,87,FIT,285509495944290434462871847513847279592,125550244608593695015791872222935702852,4075460336873585797,7607831292328020663,2400056408317917825,186452186952386975925358850852765258976,True,False
S16,9,88,FIT,285509495944290434462871847513847279592,125550244608593695015791872222935702852,4075460336873585797,7607831292328020663,2400056408317917825,186452186952386975925358850852765258976,True,False
S16,9,89,FIT,285509495944290434462871847513847279592,125550244608593695015791872222935702852,4075460336873585797,7607831292328020663,2400056408317917825,186452186952386975925358850852765258976,True,False
S16,9,90,FIT,285509495944290434462871847513847279592,125550244608593695015791872222935702852,4075460336873585797,7607831292328020663,2400056408317917825,186452186952386975925358850852765258976,True,False
S16,9,91,TEST,285509495944290434462871847513847279592,125550244608593695015791872222935702852,4075460336873585797,7607831292328020663,2400056408317917825,186452186952386975925358850852765258976,True,False
S16,9,92,TEST,285509495944290434462871847513847279592,125550244608593695015791872222935702852,4075460336873585797,7607831292328020663,2400056408317917825,186452186952386975925358850852765258976,True,False
S16,9,93,VALIDATION,285509495944290434462871847513847279592,125550244608593695015791872222935702852,4075460336873585797,7607831292328020663,2400056408317917825,186452186952386975925358850852765258976,True,False
S16,9,94,FIT,285509495944290434462871847513847279592,125550244608593695015791872222935702852,4075460336873585797,7607831292328020663,2400056408317917825,186452186952386975925358850852765258976,True,False
S16,9,95,TEST,285509495944290434462871847513847279592,125550244608593695015791872222935702852,4075460336873585797,7607831292328020663,2400056408317917825,186452186952386975925358850852765258976,True,False
S16,9,96,FIT,285509495944290434462871847513847279592,125550244608593695015791872222935702852,4075460336873585797,7607831292328020663,2400056408317917825,186452186952386975925358850852765258976,True,False
S16,9,97,FIT,285509495944290434462871847513847279592,125550244608593695015791872222935702852,4075460336873585797,7607831292328020663,2400056408317917825,186452186952386975925358850852765258976,True,False
S16,9,98,FIT,285509495944290434462871847513847279592,125550244608593695015791872222935702852,4075460336873585797,7607831292328020663,2400056408317917825,186452186952386975925358850852765258976,True,False
S16,9,99,FIT,285509495944290434462871847513847279592,125550244608593695015791872222935702852,4075460336873585797,7607831292328020663,2400056408317917825,186452186952386975925358850852765258976,True,False
